name,cuisine,avg_del_time,avg_price_for_2,offers
Hitech Bawarchi,"Biryani, Chinese, Indian, Kebabs, Tandoor",27 MINS,₹300 FOR TWO,50% off | Use WELCOME50
Mehfil,"Biryani, Chinese, Indian, Kebabs, Tandoor",27 MINS,₹300 FOR TWO,50% off | Use WELCOME50
Rice Bowl,"Biryani, Chinese, Indian, Kebabs, Tandoor",27 MINS,₹300 FOR TWO,50% off | Use WELCOME50
Magnolia Bakery,"Biryani, Chinese, Indian, Kebabs, Tandoor",27 MINS,₹300 FOR TWO,50% off | Use WELCOME50
Meridian Restaurant,"Biryani, Chinese, Indian, Kebabs, Tandoor",27 MINS,₹300 FOR TWO,50% off | Use WELCOME50
Spicy Restaurant,"Biryani, Chinese, Indian, Kebabs, Tandoor",27 MINS,₹300 FOR TWO,50% off | Use WELCOME50
Soul Rasa,"Biryani, Chinese, Indian, Kebabs, Tandoor",27 MINS,₹300 FOR TWO,50% off | Use WELCOME50
Kakatiya Mess,"Biryani, Chinese, Indian, Kebabs, Tandoor",27 MINS,₹300 FOR TWO,50% off | Use WELCOME50
Nellore Ruchulu,"Biryani, Chinese, Indian, Kebabs, Tandoor",27 MINS,₹300 FOR TWO,50% off | Use WELCOME50
Subbayya Gari Hotel,"Biryani, Chinese, Indian, Kebabs, Tandoor",27 MINS,₹300 FOR TWO,50% off | Use WELCOME50
Raju Gari Biryani,"Biryani, Chinese, Indian, Kebabs, Tandoor",27 MINS,₹300 FOR TWO,50% off | Use WELCOME50
Daspalla Hotel,"Biryani, Chinese, Indian, Kebabs, Tandoor",27 MINS,₹300 FOR TWO,50% off | Use WELCOME50
Shah Ghouse Cafe & Restaurant,"Biryani, Chinese, Indian, Kebabs, Tandoor",27 MINS,₹300 FOR TWO,50% off | Use WELCOME50
California Burrito,"Biryani, Chinese, Indian, Kebabs, Tandoor",27 MINS,₹300 FOR TWO,50% off | Use WELCOME50
Shah Ghouse Hotel & Restaurant,"Biryani, Chinese, Indian, Kebabs, Tandoor",27 MINS,₹300 FOR TWO,50% off | Use WELCOME50
Vasista's Sri Lakshmi,"Biryani, Chinese, Indian, Kebabs, Tandoor",27 MINS,₹300 FOR TWO,50% off | Use WELCOME50
Shree Santosh Family Dhaba,"North Indian, Chinese",29 MINS,₹250 FOR TWO,50% off | Use WELCOME50
Lucky Restaurant,"North Indian, Chinese",29 MINS,₹250 FOR TWO,50% off | Use WELCOME50
Sarvi Restaurant,"North Indian, Chinese",29 MINS,₹250 FOR TWO,50% off | Use WELCOME50
The Spicy Venue,"North Indian, Chinese",29 MINS,₹250 FOR TWO,50% off | Use WELCOME50
Srikanya,"North Indian, Chinese",29 MINS,₹250 FOR TWO,50% off | Use WELCOME50
Shadab Go,"North Indian, Chinese",29 MINS,₹250 FOR TWO,50% off | Use WELCOME50
Kodi Kura Chitti Gaare,"North Indian, Chinese",29 MINS,₹250 FOR TWO,50% off | Use WELCOME50
Pista House Bakery & Restaurant,"North Indian, Chinese",29 MINS,₹250 FOR TWO,50% off | Use WELCOME50
Pakwaan Grand,"North Indian, Chinese",29 MINS,₹250 FOR TWO,50% off | Use WELCOME50
Telangana Spice Kitchen,"North Indian, Chinese",29 MINS,₹250 FOR TWO,50% off | Use WELCOME50
Shah Ghouse Spl Shawarma,"North Indian, Chinese",29 MINS,₹250 FOR TWO,50% off | Use WELCOME50
Balaji Santosh Family Dhaba,"North Indian, Chinese",29 MINS,₹250 FOR TWO,50% off | Use WELCOME50
Kritunga Restaurant,"North Indian, Chinese",29 MINS,₹250 FOR TWO,50% off | Use WELCOME50
Paradise Biryani,"North Indian, Chinese",29 MINS,₹250 FOR TWO,50% off | Use WELCOME50
Srikanya Comfort,"North Indian, Chinese",29 MINS,₹250 FOR TWO,50% off | Use WELCOME50
Santosh Dhaba,"North Indian, Chinese",29 MINS,₹250 FOR TWO,50% off | Use WELCOME50
Hitech Bawarchi Food Court,"Biryani, Hyderabadi, Indian, Tandoor, Mughlai, Chinese, Haleem",29 MINS,₹300 FOR TWO,50% off | Use WELCOME50
Samskruthi,"Biryani, Hyderabadi, Indian, Tandoor, Mughlai, Chinese, Haleem",29 MINS,₹300 FOR TWO,50% off | Use WELCOME50
MEGHANA NON VEG PARCEL,"Biryani, Hyderabadi, Indian, Tandoor, Mughlai, Chinese, Haleem",29 MINS,₹300 FOR TWO,50% off | Use WELCOME50
McDonald's,"Biryani, Hyderabadi, Indian, Tandoor, Mughlai, Chinese, Haleem",29 MINS,₹300 FOR TWO,50% off | Use WELCOME50
Burger King,"Biryani, Hyderabadi, Indian, Tandoor, Mughlai, Chinese, Haleem",29 MINS,₹300 FOR TWO,50% off | Use WELCOME50
Cafe Niloufer Classic,"Biryani, Hyderabadi, Indian, Tandoor, Mughlai, Chinese, Haleem",29 MINS,₹300 FOR TWO,50% off | Use WELCOME50
Pizza Hut,"Biryani, Hyderabadi, Indian, Tandoor, Mughlai, Chinese, Haleem",29 MINS,₹300 FOR TWO,50% off | Use WELCOME50
Taste of Rajasthan,"Biryani, Hyderabadi, Indian, Tandoor, Mughlai, Chinese, Haleem",29 MINS,₹300 FOR TWO,50% off | Use WELCOME50
Cafe Niloufer Premium Lounge,"Biryani, Hyderabadi, Indian, Tandoor, Mughlai, Chinese, Haleem",29 MINS,₹300 FOR TWO,50% off | Use WELCOME50
KFC,"Biryani, Hyderabadi, Indian, Tandoor, Mughlai, Chinese, Haleem",29 MINS,₹300 FOR TWO,50% off | Use WELCOME50
Leon's - Burgers & Wings (Leon Grill),"Biryani, Hyderabadi, Indian, Tandoor, Mughlai, Chinese, Haleem",29 MINS,₹300 FOR TWO,50% off | Use WELCOME50
Akson Restaurant,"Biryani, Hyderabadi, Indian, Tandoor, Mughlai, Chinese, Haleem",29 MINS,₹300 FOR TWO,50% off | Use WELCOME50
Green Bawarchi Multicuisine Restaurant,"Biryani, Hyderabadi, Indian, Tandoor, Mughlai, Chinese, Haleem",29 MINS,₹300 FOR TWO,50% off | Use WELCOME50
Bakingo,"Biryani, Hyderabadi, Indian, Tandoor, Mughlai, Chinese, Haleem",29 MINS,₹300 FOR TWO,50% off | Use WELCOME50
The Bowl Company,"Biryani, Hyderabadi, Indian, Tandoor, Mughlai, Chinese, Haleem",29 MINS,₹300 FOR TWO,50% off | Use WELCOME50
Bheema's,"Biryani, Hyderabadi, Indian, Tandoor, Mughlai, Chinese, Haleem",29 MINS,₹300 FOR TWO,50% off | Use WELCOME50
Bakingo,Bakery,25 MINS,₹300 FOR TWO,50% off | Use WELCOME50
Cream Stone Ice Cream,Bakery,25 MINS,₹300 FOR TWO,50% off | Use WELCOME50
The Bowl Company,Bakery,25 MINS,₹300 FOR TWO,50% off | Use WELCOME50
Bheema's,Bakery,25 MINS,₹300 FOR TWO,50% off | Use WELCOME50
New Minerva Sweets,Bakery,25 MINS,₹300 FOR TWO,50% off | Use WELCOME50
Moghuls Paradiez,Bakery,25 MINS,₹300 FOR TWO,50% off | Use WELCOME50
Haldiram's Restaurant,Bakery,25 MINS,₹300 FOR TWO,50% off | Use WELCOME50
Karachi Bakery,Bakery,25 MINS,₹300 FOR TWO,50% off | Use WELCOME50
Sri Raghavendra,Bakery,25 MINS,₹300 FOR TWO,50% off | Use WELCOME50
Hitex Santosh Family Dhaba,Bakery,25 MINS,₹300 FOR TWO,50% off | Use WELCOME50
Vellanki Foods,Bakery,25 MINS,₹300 FOR TWO,50% off | Use WELCOME50
Biryanis And More,Bakery,25 MINS,₹300 FOR TWO,50% off | Use WELCOME50
Shri Raghavendra Pure Veg,Bakery,25 MINS,₹300 FOR TWO,50% off | Use WELCOME50
Fishland Restaurant,Bakery,25 MINS,₹300 FOR TWO,50% off | Use WELCOME50
Homely,Bakery,25 MINS,₹300 FOR TWO,50% off | Use WELCOME50
Udipi's Upahar,Bakery,25 MINS,₹300 FOR TWO,50% off | Use WELCOME50
Kamat Hotel,"North Indian, South Indian",41 MINS,₹500 FOR TWO,50% off | Use WELCOME50
Amantran Bengali Restaurant,"North Indian, South Indian",41 MINS,₹500 FOR TWO,50% off | Use WELCOME50
JDM PUNJABI DHABA,"North Indian, South Indian",41 MINS,₹500 FOR TWO,50% off | Use WELCOME50
Indira Darshini,"North Indian, South Indian",41 MINS,₹500 FOR TWO,50% off | Use WELCOME50
Istah Shawarma,"North Indian, South Indian",41 MINS,₹500 FOR TWO,50% off | Use WELCOME50
SRI MAHALAXMI REDDY BROTHERS TIFFINS & FAST FOOD,"North Indian, South Indian",41 MINS,₹500 FOR TWO,50% off | Use WELCOME50
Dadu's,"North Indian, South Indian",41 MINS,₹500 FOR TWO,50% off | Use WELCOME50
Pista House Bakery,"North Indian, South Indian",41 MINS,₹500 FOR TWO,50% off | Use WELCOME50
13 Dhaba,"North Indian, South Indian",41 MINS,₹500 FOR TWO,50% off | Use WELCOME50
Pista House Tea,"North Indian, South Indian",41 MINS,₹500 FOR TWO,50% off | Use WELCOME50
Milan Juice Centre and Shawarma,"North Indian, South Indian",41 MINS,₹500 FOR TWO,50% off | Use WELCOME50
Domino's Pizza,"North Indian, South Indian",41 MINS,₹500 FOR TWO,50% off | Use WELCOME50
Dragon's Kitchen,"North Indian, South Indian",41 MINS,₹500 FOR TWO,50% off | Use WELCOME50
GUNTUR GONGOORA,"North Indian, South Indian",41 MINS,₹500 FOR TWO,50% off | Use WELCOME50
Sahara Bakers,"North Indian, South Indian",41 MINS,₹500 FOR TWO,50% off | Use WELCOME50
Abhiruchi Hotel,"North Indian, South Indian",41 MINS,₹500 FOR TWO,50% off | Use WELCOME50
Shriji Rasoi,"North Indian, Jain",34 MINS,₹200 FOR TWO,50% off | Use WELCOME50
Onesta,"North Indian, Jain",34 MINS,₹200 FOR TWO,50% off | Use WELCOME50
Santosh Family Dhaba,"North Indian, Jain",34 MINS,₹200 FOR TWO,50% off | Use WELCOME50
Kadupuninda,"North Indian, Jain",34 MINS,₹200 FOR TWO,50% off | Use WELCOME50
Dwaraka Restaurant,"North Indian, Jain",34 MINS,₹200 FOR TWO,50% off | Use WELCOME50
Hotel Sandarshini,"North Indian, Jain",34 MINS,₹200 FOR TWO,50% off | Use WELCOME50
Bheemas Grand,"North Indian, Jain",34 MINS,₹200 FOR TWO,50% off | Use WELCOME50
Biryaniwala,"North Indian, Jain",34 MINS,₹200 FOR TWO,50% off | Use WELCOME50
Gongura Biryanis,"North Indian, Jain",34 MINS,₹200 FOR TWO,50% off | Use WELCOME50
Just parantha,"North Indian, Jain",34 MINS,₹200 FOR TWO,50% off | Use WELCOME50
Punjabi Paratha Junction,"North Indian, Jain",34 MINS,₹200 FOR TWO,50% off | Use WELCOME50
Jaggi De Paranthe,"North Indian, Jain",34 MINS,₹200 FOR TWO,50% off | Use WELCOME50
Punjabi Paratha House,"North Indian, Jain",34 MINS,₹200 FOR TWO,50% off | Use WELCOME50
Chickpet Donne Biryani House,"North Indian, Jain",34 MINS,₹200 FOR TWO,50% off | Use WELCOME50
Sri Balaji Rajasthan Food House,"North Indian, Jain",34 MINS,₹200 FOR TWO,50% off | Use WELCOME50
Harley's Fine Baking,"North Indian, Jain",34 MINS,₹200 FOR TWO,50% off | Use WELCOME50
T Grill,"North Indian, Andhra, Biryani, Chinese, Tandoor, Haleem",35 MINS,₹600 FOR TWO,50% off | Use WELCOME50
Agra Sweets Banjara,"North Indian, Andhra, Biryani, Chinese, Tandoor, Haleem",35 MINS,₹600 FOR TWO,50% off | Use WELCOME50
T's 21 Spice Biryani,"North Indian, Andhra, Biryani, Chinese, Tandoor, Haleem",35 MINS,₹600 FOR TWO,50% off | Use WELCOME50
Tibb's Frankie,"North Indian, Andhra, Biryani, Chinese, Tandoor, Haleem",35 MINS,₹600 FOR TWO,50% off | Use WELCOME50
G Pulla Reddy Sweets,"North Indian, Andhra, Biryani, Chinese, Tandoor, Haleem",35 MINS,₹600 FOR TWO,50% off | Use WELCOME50
Let's Eat,"North Indian, Andhra, Biryani, Chinese, Tandoor, Haleem",35 MINS,₹600 FOR TWO,50% off | Use WELCOME50
Santosh Dhaba Exclusive,"North Indian, Andhra, Biryani, Chinese, Tandoor, Haleem",35 MINS,₹600 FOR TWO,50% off | Use WELCOME50
Sri Raghavendra Vegetarian Restaurant,"North Indian, Andhra, Biryani, Chinese, Tandoor, Haleem",35 MINS,₹600 FOR TWO,50% off | Use WELCOME50
Meghduth Biryanis,"North Indian, Andhra, Biryani, Chinese, Tandoor, Haleem",35 MINS,₹600 FOR TWO,50% off | Use WELCOME50
Anandam,"North Indian, Andhra, Biryani, Chinese, Tandoor, Haleem",35 MINS,₹600 FOR TWO,50% off | Use WELCOME50
NIC Ice Creams,"North Indian, Andhra, Biryani, Chinese, Tandoor, Haleem",35 MINS,₹600 FOR TWO,50% off | Use WELCOME50
Norfest- The Dhaba,"North Indian, Andhra, Biryani, Chinese, Tandoor, Haleem",35 MINS,₹600 FOR TWO,50% off | Use WELCOME50
Bombay Juice,"North Indian, Andhra, Biryani, Chinese, Tandoor, Haleem",35 MINS,₹600 FOR TWO,50% off | Use WELCOME50
Bahar Biryani Cafe,"North Indian, Andhra, Biryani, Chinese, Tandoor, Haleem",35 MINS,₹600 FOR TWO,50% off | Use WELCOME50
Rambharose - Bhattad Ki Idli,"North Indian, Andhra, Biryani, Chinese, Tandoor, Haleem",35 MINS,₹600 FOR TWO,50% off | Use WELCOME50
The Gravity Lounge,"North Indian, Andhra, Biryani, Chinese, Tandoor, Haleem",35 MINS,₹600 FOR TWO,50% off | Use WELCOME50
Suprabhat Tiffins,South Indian,34 MINS,₹200 FOR TWO,50% off | Use WELCOME50
Big Byte,South Indian,34 MINS,₹200 FOR TWO,50% off | Use WELCOME50
Chutneys,South Indian,34 MINS,₹200 FOR TWO,50% off | Use WELCOME50
RUCHI CURRY POINT,South Indian,34 MINS,₹200 FOR TWO,50% off | Use WELCOME50
Delhi Mithai Wala,South Indian,34 MINS,₹200 FOR TWO,50% off | Use WELCOME50
Palamuru Grill,South Indian,34 MINS,₹200 FOR TWO,50% off | Use WELCOME50
Fruit Bite Natural Juices & Salads,South Indian,34 MINS,₹200 FOR TWO,50% off | Use WELCOME50
1989 Pizza & Thick Shakes,South Indian,34 MINS,₹200 FOR TWO,50% off | Use WELCOME50
Savla's Home Food,South Indian,34 MINS,₹200 FOR TWO,50% off | Use WELCOME50
Natural Ice Cream,South Indian,34 MINS,₹200 FOR TWO,50% off | Use WELCOME50
Happy Healthy Foods,South Indian,34 MINS,₹200 FOR TWO,50% off | Use WELCOME50
Subway,South Indian,34 MINS,₹200 FOR TWO,50% off | Use WELCOME50
Almond House,South Indian,34 MINS,₹200 FOR TWO,50% off | Use WELCOME50
Rayalaseema Ruchulu,South Indian,34 MINS,₹200 FOR TWO,50% off | Use WELCOME50
Big Bowl,South Indian,34 MINS,₹200 FOR TWO,50% off | Use WELCOME50
Dunkin',South Indian,34 MINS,₹200 FOR TWO,50% off | Use WELCOME50
WarmOven Cake & Desserts,"Bakery, Desserts, Ice Cream, Beverages",35 MINS,₹200 FOR TWO,50% off | Use WELCOME50
SAI RAM MESS,"Bakery, Desserts, Ice Cream, Beverages",35 MINS,₹200 FOR TWO,50% off | Use WELCOME50
Nrs Cafe Nandini,"Bakery, Desserts, Ice Cream, Beverages",35 MINS,₹200 FOR TWO,50% off | Use WELCOME50
Keshav Reddy Sweets,"Bakery, Desserts, Ice Cream, Beverages",35 MINS,₹200 FOR TWO,50% off | Use WELCOME50
Sri Vigneshwara Aaha Bhojanam,"Bakery, Desserts, Ice Cream, Beverages",35 MINS,₹200 FOR TWO,50% off | Use WELCOME50
Sri Raja Rajeswari Fruit Juices & Salads,"Bakery, Desserts, Ice Cream, Beverages",35 MINS,₹200 FOR TWO,50% off | Use WELCOME50
Fruitfull,"Bakery, Desserts, Ice Cream, Beverages",35 MINS,₹200 FOR TWO,50% off | Use WELCOME50
Kadir Nurman - Bonafide Shawarma,"Bakery, Desserts, Ice Cream, Beverages",35 MINS,₹200 FOR TWO,50% off | Use WELCOME50
Masqati Ice Cream,"Bakery, Desserts, Ice Cream, Beverages",35 MINS,₹200 FOR TWO,50% off | Use WELCOME50
Wong Side,"Bakery, Desserts, Ice Cream, Beverages",35 MINS,₹200 FOR TWO,50% off | Use WELCOME50
CakeZone,"Bakery, Desserts, Ice Cream, Beverages",35 MINS,₹200 FOR TWO,50% off | Use WELCOME50
Chinese Wok,"Bakery, Desserts, Ice Cream, Beverages",35 MINS,₹200 FOR TWO,50% off | Use WELCOME50
Green Bawarchi,"Bakery, Desserts, Ice Cream, Beverages",35 MINS,₹200 FOR TWO,50% off | Use WELCOME50
Zomoz - The Momo Company,"Bakery, Desserts, Ice Cream, Beverages",35 MINS,₹200 FOR TWO,50% off | Use WELCOME50
Ram Ki Bandi,"Bakery, Desserts, Ice Cream, Beverages",35 MINS,₹200 FOR TWO,50% off | Use WELCOME50
Udupi dosa house,"Bakery, Desserts, Ice Cream, Beverages",35 MINS,₹200 FOR TWO,50% off | Use WELCOME50
Andhra Rice Boxes,Indian,39 MINS,₹400 FOR TWO,50% off | Use WELCOME50
O N V FOODS NEW ARITAAKU BHOJANAM,Indian,39 MINS,₹400 FOR TWO,50% off | Use WELCOME50
Royal Spicy Restaurant,Indian,39 MINS,₹400 FOR TWO,50% off | Use WELCOME50
Adam Bakers,Indian,39 MINS,₹400 FOR TWO,50% off | Use WELCOME50
Swiss Castle,Indian,39 MINS,₹400 FOR TWO,50% off | Use WELCOME50
VASIREDDY HOME FOODS,Indian,39 MINS,₹400 FOR TWO,50% off | Use WELCOME50
Biryanis And More,Indian,39 MINS,₹400 FOR TWO,50% off | Use WELCOME50
SRI ANDHRA PULAV.COM,Indian,39 MINS,₹400 FOR TWO,50% off | Use WELCOME50
Biryani Junction,Indian,39 MINS,₹400 FOR TWO,50% off | Use WELCOME50
VEG EXPRESS DHABA,Indian,39 MINS,₹400 FOR TWO,50% off | Use WELCOME50
Punjabi Affair,Indian,39 MINS,₹400 FOR TWO,50% off | Use WELCOME50
PINK PARADISE,Indian,39 MINS,₹400 FOR TWO,50% off | Use WELCOME50
Scoops,Indian,39 MINS,₹400 FOR TWO,50% off | Use WELCOME50
EatFit,Indian,39 MINS,₹400 FOR TWO,50% off | Use WELCOME50
Biryani Times,Indian,39 MINS,₹400 FOR TWO,50% off | Use WELCOME50
Sandwich Eatery,Indian,39 MINS,₹400 FOR TWO,50% off | Use WELCOME50
Sandwich Eatery,Pastas,30 MINS,₹200 FOR TWO,40% off | Use GUILTFREEJAN
Al Kareem Hotel,Pastas,30 MINS,₹200 FOR TWO,40% off | Use GUILTFREEJAN
5star Sambar,Pastas,30 MINS,₹200 FOR TWO,40% off | Use GUILTFREEJAN
BlueFox,Pastas,30 MINS,₹200 FOR TWO,40% off | Use GUILTFREEJAN
A1 hotel,Pastas,30 MINS,₹200 FOR TWO,40% off | Use GUILTFREEJAN
CHOP STICKS ,Pastas,30 MINS,₹200 FOR TWO,40% off | Use GUILTFREEJAN
HANWIN KERALA CAFE,Pastas,30 MINS,₹200 FOR TWO,40% off | Use GUILTFREEJAN
Reddy Gari Ruchulu,Pastas,30 MINS,₹200 FOR TWO,40% off | Use GUILTFREEJAN
A1 NAAN MAHAL,Pastas,30 MINS,₹200 FOR TWO,40% off | Use GUILTFREEJAN
Bowls Kitchen,Pastas,30 MINS,₹200 FOR TWO,40% off | Use GUILTFREEJAN
The Belgian Waffle Co.,Pastas,30 MINS,₹200 FOR TWO,40% off | Use GUILTFREEJAN
Madhuram,Pastas,30 MINS,₹200 FOR TWO,40% off | Use GUILTFREEJAN
Nimantran,Pastas,30 MINS,₹200 FOR TWO,40% off | Use GUILTFREEJAN
sheel kamal restaurant,Pastas,30 MINS,₹200 FOR TWO,40% off | Use GUILTFREEJAN
Feranoz,Pastas,30 MINS,₹200 FOR TWO,40% off | Use GUILTFREEJAN
Haka,Pastas,30 MINS,₹200 FOR TWO,40% off | Use GUILTFREEJAN
Royal Tiffin Centre,Indian,31 MINS,₹150 FOR TWO,50% off | Use WELCOME50
Country Oven,Indian,31 MINS,₹150 FOR TWO,50% off | Use WELCOME50
KS Bakers,Indian,31 MINS,₹150 FOR TWO,50% off | Use WELCOME50
Chung Hua Restaurant,Indian,31 MINS,₹150 FOR TWO,50% off | Use WELCOME50
Millet Express,Indian,31 MINS,₹150 FOR TWO,50% off | Use WELCOME50
Wow! Momo,Indian,31 MINS,₹150 FOR TWO,50% off | Use WELCOME50
Hotel Sri Raghavendra Udupi Veg,Indian,31 MINS,₹150 FOR TWO,50% off | Use WELCOME50
Great Indian Khichdi by EatFit,Indian,31 MINS,₹150 FOR TWO,50% off | Use WELCOME50
The Shawarma House,Indian,31 MINS,₹150 FOR TWO,50% off | Use WELCOME50
Salasar Santosh Dhaba,Indian,31 MINS,₹150 FOR TWO,50% off | Use WELCOME50
Sukha Sagara North Indian & Chinese,Indian,31 MINS,₹150 FOR TWO,50% off | Use WELCOME50
The Funnel Hill Creamery,Indian,31 MINS,₹150 FOR TWO,50% off | Use WELCOME50
Ohri's Cake Nation,Indian,31 MINS,₹150 FOR TWO,50% off | Use WELCOME50
Sampradaya Foods,Indian,31 MINS,₹150 FOR TWO,50% off | Use WELCOME50
Minerva Coffee Shop,Indian,31 MINS,₹150 FOR TWO,50% off | Use WELCOME50
Cakes Fest,Indian,31 MINS,₹150 FOR TWO,50% off | Use WELCOME50
Cakes Fest,"Desserts, Bakery",36 MINS,₹400 FOR TWO,50% off | Use WELCOME50
Zen Bowls,"Desserts, Bakery",36 MINS,₹400 FOR TWO,50% off | Use WELCOME50
Faasos - Wraps & Rolls,"Desserts, Bakery",36 MINS,₹400 FOR TWO,50% off | Use WELCOME50
Rafi International juice centre,"Desserts, Bakery",36 MINS,₹400 FOR TWO,50% off | Use WELCOME50
Kritunga - The Palegar's Cuisine,"Desserts, Bakery",36 MINS,₹400 FOR TWO,50% off | Use WELCOME50
ABHIRUCHI SWAGRUHA FOODS,"Desserts, Bakery",36 MINS,₹400 FOR TWO,50% off | Use WELCOME50
Starbucks Coffee,"Desserts, Bakery",36 MINS,₹400 FOR TWO,50% off | Use WELCOME50
Desi Kitchen,"Desserts, Bakery",36 MINS,₹400 FOR TWO,50% off | Use WELCOME50
The Thick Shake Factory,"Desserts, Bakery",36 MINS,₹400 FOR TWO,50% off | Use WELCOME50
Polar Bear Ice Cream Sundaes,"Desserts, Bakery",36 MINS,₹400 FOR TWO,50% off | Use WELCOME50
HARI DOSA,"Desserts, Bakery",36 MINS,₹400 FOR TWO,50% off | Use WELCOME50
Dosa Kodi Kura,"Desserts, Bakery",36 MINS,₹400 FOR TWO,50% off | Use WELCOME50
Biggies Burger,"Desserts, Bakery",36 MINS,₹400 FOR TWO,50% off | Use WELCOME50
House Of Pulihora,"Desserts, Bakery",36 MINS,₹400 FOR TWO,50% off | Use WELCOME50
Wow! China,"Desserts, Bakery",36 MINS,₹400 FOR TWO,50% off | Use WELCOME50
Potful - Claypot Biryanis,"Desserts, Bakery",36 MINS,₹400 FOR TWO,50% off | Use WELCOME50
TIFFIN DEPOT,South Indian,33 MINS,₹500 FOR TWO,50% off | Use WELCOME50
Third Wave Coffee,South Indian,33 MINS,₹500 FOR TWO,50% off | Use WELCOME50
BANGALORE BAKERS,South Indian,33 MINS,₹500 FOR TWO,50% off | Use WELCOME50
Om Sai Ram Tiffins,South Indian,33 MINS,₹500 FOR TWO,50% off | Use WELCOME50
FRIED CHICKEN HUB,South Indian,33 MINS,₹500 FOR TWO,50% off | Use WELCOME50
Sai Ram Curries & Parcels,South Indian,33 MINS,₹500 FOR TWO,50% off | Use WELCOME50
Supreeth Grand,South Indian,33 MINS,₹500 FOR TWO,50% off | Use WELCOME50
Taste Of Hyderabad,South Indian,33 MINS,₹500 FOR TWO,50% off | Use WELCOME50
10 Biryanis,South Indian,33 MINS,₹500 FOR TWO,50% off | Use WELCOME50
Andhra Rice Bowl,South Indian,33 MINS,₹500 FOR TWO,50% off | Use WELCOME50
Makers of Milkshakes,South Indian,33 MINS,₹500 FOR TWO,50% off | Use WELCOME50
Big Bowl Company,South Indian,33 MINS,₹500 FOR TWO,50% off | Use WELCOME50
Baklava King,South Indian,33 MINS,₹500 FOR TWO,50% off | Use WELCOME50
Abidi's Kitchen,South Indian,33 MINS,₹500 FOR TWO,50% off | Use WELCOME50
Biryani Vs Pulav,South Indian,33 MINS,₹500 FOR TWO,50% off | Use WELCOME50
Olive Mithai Shop,South Indian,33 MINS,₹500 FOR TWO,50% off | Use WELCOME50
Biryani Ustad,Biryani,36 MINS,₹400 FOR TWO,50% off | Use WELCOME50
Chicken Shawarma Hut,Biryani,36 MINS,₹400 FOR TWO,50% off | Use WELCOME50
Prowl Foods By Tiger Shroff,Biryani,36 MINS,₹400 FOR TWO,50% off | Use WELCOME50
Louis Burger,Biryani,36 MINS,₹400 FOR TWO,50% off | Use WELCOME50
Alankar,Biryani,36 MINS,₹400 FOR TWO,50% off | Use WELCOME50
House Of Dosa'S,Biryani,36 MINS,₹400 FOR TWO,50% off | Use WELCOME50
Hunger Cafe & Maggi point,Biryani,36 MINS,₹400 FOR TWO,50% off | Use WELCOME50
Rajahmundry Ruchulu,Biryani,36 MINS,₹400 FOR TWO,50% off | Use WELCOME50
Dostea,Biryani,36 MINS,₹400 FOR TWO,50% off | Use WELCOME50
Chicken Shawarma Hub,Biryani,36 MINS,₹400 FOR TWO,50% off | Use WELCOME50
BANGLORE DONNE BIRYANI HOUSE,Biryani,36 MINS,₹400 FOR TWO,50% off | Use WELCOME50
Nanking C.R - Estd 1957,Biryani,36 MINS,₹400 FOR TWO,50% off | Use WELCOME50
Hotel Udupi Home,Biryani,36 MINS,₹400 FOR TWO,50% off | Use WELCOME50
Sri Madhurams,Biryani,36 MINS,₹400 FOR TWO,50% off | Use WELCOME50
Sha Sha - Shandaar Shawarma,Biryani,36 MINS,₹400 FOR TWO,50% off | Use WELCOME50
Raja Gara Biryani,Biryani,36 MINS,₹400 FOR TWO,50% off | Use WELCOME50
Delight Delicious,"Chaat, Bakery",33 MINS,₹350 FOR TWO,50% off | Use WELCOME50
Lakshmi Tiffin Centre,"Chaat, Bakery",33 MINS,₹350 FOR TWO,50% off | Use WELCOME50
Eat n Joy Bakers,"Chaat, Bakery",33 MINS,₹350 FOR TWO,50% off | Use WELCOME50
Oven Story Pizza,"Chaat, Bakery",33 MINS,₹350 FOR TWO,50% off | Use WELCOME50
Udupi Park Pure Veg,"Chaat, Bakery",33 MINS,₹350 FOR TWO,50% off | Use WELCOME50
Deccan Spice,"Chaat, Bakery",33 MINS,₹350 FOR TWO,50% off | Use WELCOME50
Varalakshmi Tiffins,"Chaat, Bakery",33 MINS,₹350 FOR TWO,50% off | Use WELCOME50
Dine Hill,"Chaat, Bakery",33 MINS,₹350 FOR TWO,50% off | Use WELCOME50
Roastery Coffee House,"Chaat, Bakery",33 MINS,₹350 FOR TWO,50% off | Use WELCOME50
Baskin Robbins,"Chaat, Bakery",33 MINS,₹350 FOR TWO,50% off | Use WELCOME50
Make My Combo,"Chaat, Bakery",33 MINS,₹350 FOR TWO,50% off | Use WELCOME50
Grameen Kulfi,"Chaat, Bakery",33 MINS,₹350 FOR TWO,50% off | Use WELCOME50
The Brooklyn Creamery - Healthy Ice Cream,"Chaat, Bakery",33 MINS,₹350 FOR TWO,50% off | Use WELCOME50
Chai Kings,"Chaat, Bakery",33 MINS,₹350 FOR TWO,50% off | Use WELCOME50
Potlam Pulao,"Chaat, Bakery",33 MINS,₹350 FOR TWO,50% off | Use WELCOME50
Jumboking Indian Burger,"Chaat, Bakery",33 MINS,₹350 FOR TWO,50% off | Use WELCOME50
Jumboking Indian Burger,"Burgers, Snacks, Beverages",49 MINS,₹150 FOR TWO,50% off | Use WELCOME50
AADI TIFFINS PURE VEG ,"Burgers, Snacks, Beverages",49 MINS,₹150 FOR TWO,50% off | Use WELCOME50
Vivaha Bhojanambu,"Burgers, Snacks, Beverages",49 MINS,₹150 FOR TWO,50% off | Use WELCOME50
Kwality Walls Frozen Dessert and Ice Cream Shop,"Burgers, Snacks, Beverages",49 MINS,₹150 FOR TWO,50% off | Use WELCOME50
Hotel Akshaya,"Burgers, Snacks, Beverages",49 MINS,₹150 FOR TWO,50% off | Use WELCOME50
GreenPark,"Burgers, Snacks, Beverages",49 MINS,₹150 FOR TWO,50% off | Use WELCOME50
Sai Ganesh Tiffins,"Burgers, Snacks, Beverages",49 MINS,₹150 FOR TWO,50% off | Use WELCOME50
Greens and More,"Burgers, Snacks, Beverages",49 MINS,₹150 FOR TWO,50% off | Use WELCOME50
LunchBox - Meals and Thalis,"Burgers, Snacks, Beverages",49 MINS,₹150 FOR TWO,50% off | Use WELCOME50
Lassi Shop,"Burgers, Snacks, Beverages",49 MINS,₹150 FOR TWO,50% off | Use WELCOME50
Keventers - Milkshakes & Desserts,"Burgers, Snacks, Beverages",49 MINS,₹150 FOR TWO,50% off | Use WELCOME50
Persis Cafe,"Burgers, Snacks, Beverages",49 MINS,₹150 FOR TWO,50% off | Use WELCOME50
Parathas & More,"Burgers, Snacks, Beverages",49 MINS,₹150 FOR TWO,50% off | Use WELCOME50
Lo! - Low Carb and Keto Foods,"Burgers, Snacks, Beverages",49 MINS,₹150 FOR TWO,50% off | Use WELCOME50
 Kesariya's Sweets and Chaat,"Burgers, Snacks, Beverages",49 MINS,₹150 FOR TWO,50% off | Use WELCOME50
Vibrant Living Foods,"Burgers, Snacks, Beverages",49 MINS,₹150 FOR TWO,50% off | Use WELCOME50
Udupi Park Pure Veg,South Indian,34 MINS,₹150 FOR TWO,50% off | Use WELCOME50
Persis Cafe,South Indian,34 MINS,₹150 FOR TWO,50% off | Use WELCOME50
Dunkin',South Indian,34 MINS,₹150 FOR TWO,50% off | Use WELCOME50
Bangkok169,South Indian,34 MINS,₹150 FOR TWO,50% off | Use WELCOME50
Andhra Rice Boxes,South Indian,34 MINS,₹150 FOR TWO,50% off | Use WELCOME50
Ci Gusta!,South Indian,34 MINS,₹150 FOR TWO,50% off | Use WELCOME50
McCafe by McDonald's,South Indian,34 MINS,₹150 FOR TWO,50% off | Use WELCOME50
PALLEKODI PULLATLU,South Indian,34 MINS,₹150 FOR TWO,50% off | Use WELCOME50
Eat And Walk,South Indian,34 MINS,₹150 FOR TWO,50% off | Use WELCOME50
Lakshmi Tiffin Centre,South Indian,34 MINS,₹150 FOR TWO,50% off | Use WELCOME50
Potlam Pulao,South Indian,34 MINS,₹150 FOR TWO,50% off | Use WELCOME50
Bheema's,South Indian,34 MINS,₹150 FOR TWO,50% off | Use WELCOME50
Rayala Vari Ruchulu,South Indian,34 MINS,₹150 FOR TWO,50% off | Use WELCOME50
The Garden cafe,South Indian,34 MINS,₹150 FOR TWO,50% off | Use WELCOME50
Punjabi Paratha Junction,South Indian,34 MINS,₹150 FOR TWO,50% off | Use WELCOME50
PINK PARADISE,South Indian,34 MINS,₹150 FOR TWO,50% off | Use WELCOME50
Fruitoholic,"Juices, Salads, Snacks",27 MINS,₹400 FOR TWO,50% off | Use WELCOME50
MEESALA RAJUGARI MESS,"Juices, Salads, Snacks",27 MINS,₹400 FOR TWO,50% off | Use WELCOME50
Chai Point,"Juices, Salads, Snacks",27 MINS,₹400 FOR TWO,50% off | Use WELCOME50
SWEET BASKET,"Juices, Salads, Snacks",27 MINS,₹400 FOR TWO,50% off | Use WELCOME50
Biryani Stories,"Juices, Salads, Snacks",27 MINS,₹400 FOR TWO,50% off | Use WELCOME50
The Dessert Heaven - Pure Veg,"Juices, Salads, Snacks",27 MINS,₹400 FOR TWO,50% off | Use WELCOME50
Momos  Avenue,"Juices, Salads, Snacks",27 MINS,₹400 FOR TWO,50% off | Use WELCOME50
SEEMA VINDHU,"Juices, Salads, Snacks",27 MINS,₹400 FOR TWO,50% off | Use WELCOME50
Seasons Xprs,"Juices, Salads, Snacks",27 MINS,₹400 FOR TWO,50% off | Use WELCOME50
Village Aaharam,"Juices, Salads, Snacks",27 MINS,₹400 FOR TWO,50% off | Use WELCOME50
Pakka Local,"Juices, Salads, Snacks",27 MINS,₹400 FOR TWO,50% off | Use WELCOME50
Sai Darshini Tiffins,"Juices, Salads, Snacks",27 MINS,₹400 FOR TWO,50% off | Use WELCOME50
Cafe Coffee Day,"Juices, Salads, Snacks",27 MINS,₹400 FOR TWO,50% off | Use WELCOME50
MEETHE MIYA,"Juices, Salads, Snacks",27 MINS,₹400 FOR TWO,50% off | Use WELCOME50
Chaayos Chai+Snacks=Relax,"Juices, Salads, Snacks",27 MINS,₹400 FOR TWO,50% off | Use WELCOME50
Shanbhag Hotel,"Juices, Salads, Snacks",27 MINS,₹400 FOR TWO,50% off | Use WELCOME50
MEETHE MIYA,"Desserts, Hyderabadi",25 MINS,₹150 FOR TWO,50% off | Use WELCOME50
Chaayos Chai+Snacks=Relax,"Desserts, Hyderabadi",25 MINS,₹150 FOR TWO,50% off | Use WELCOME50
Shanbhag Hotel,"Desserts, Hyderabadi",25 MINS,₹150 FOR TWO,50% off | Use WELCOME50
Burger It Up,"Desserts, Hyderabadi",25 MINS,₹150 FOR TWO,50% off | Use WELCOME50
House of Biryani's,"Desserts, Hyderabadi",25 MINS,₹150 FOR TWO,50% off | Use WELCOME50
Sri Krishna Sweets,"Desserts, Hyderabadi",25 MINS,₹150 FOR TWO,50% off | Use WELCOME50
Sri Sai Prem Veg Restaurant,"Desserts, Hyderabadi",25 MINS,₹150 FOR TWO,50% off | Use WELCOME50
Drunken Monkey,"Desserts, Hyderabadi",25 MINS,₹150 FOR TWO,50% off | Use WELCOME50
New Arman Hotel	,"Desserts, Hyderabadi",25 MINS,₹150 FOR TWO,50% off | Use WELCOME50
Great Indian Drinks (Goli Soda),"Desserts, Hyderabadi",25 MINS,₹150 FOR TWO,50% off | Use WELCOME50
Natural Scoops,"Desserts, Hyderabadi",25 MINS,₹150 FOR TWO,50% off | Use WELCOME50
Rk Sweets and Juices,"Desserts, Hyderabadi",25 MINS,₹150 FOR TWO,50% off | Use WELCOME50
Haji Ali Fresh Fruit Juices,"Desserts, Hyderabadi",25 MINS,₹150 FOR TWO,50% off | Use WELCOME50
Rams Dosa House,"Desserts, Hyderabadi",25 MINS,₹150 FOR TWO,50% off | Use WELCOME50
Big Wong,"Desserts, Hyderabadi",25 MINS,₹150 FOR TWO,50% off | Use WELCOME50
Moms Kitchen By Sarala,"Desserts, Hyderabadi",25 MINS,₹150 FOR TWO,50% off | Use WELCOME50
Good Vibes Only Cafe,"Indian, Pastas, Salads, Desserts, Beverages, Pizzas",38 MINS,₹600 FOR TWO,50% off | Use WELCOME50
FB Cakes,"Indian, Pastas, Salads, Desserts, Beverages, Pizzas",38 MINS,₹600 FOR TWO,50% off | Use WELCOME50
The Shawarma Company,"Indian, Pastas, Salads, Desserts, Beverages, Pizzas",38 MINS,₹600 FOR TWO,50% off | Use WELCOME50
Minerva Xpress,"Indian, Pastas, Salads, Desserts, Beverages, Pizzas",38 MINS,₹600 FOR TWO,50% off | Use WELCOME50
Coconut Juice Bar,"Indian, Pastas, Salads, Desserts, Beverages, Pizzas",38 MINS,₹600 FOR TWO,50% off | Use WELCOME50
Hotel Indu Deluxe,"Indian, Pastas, Salads, Desserts, Beverages, Pizzas",38 MINS,₹600 FOR TWO,50% off | Use WELCOME50
TEJU MESS,"Indian, Pastas, Salads, Desserts, Beverages, Pizzas",38 MINS,₹600 FOR TWO,50% off | Use WELCOME50
Midland Bakers,"Indian, Pastas, Salads, Desserts, Beverages, Pizzas",38 MINS,₹600 FOR TWO,50% off | Use WELCOME50
BOWLS AND STARTERS CO.,"Indian, Pastas, Salads, Desserts, Beverages, Pizzas",38 MINS,₹600 FOR TWO,50% off | Use WELCOME50
THICKSHAKE HOME,"Indian, Pastas, Salads, Desserts, Beverages, Pizzas",38 MINS,₹600 FOR TWO,50% off | Use WELCOME50
Balaji Dhaba,"Indian, Pastas, Salads, Desserts, Beverages, Pizzas",38 MINS,₹600 FOR TWO,50% off | Use WELCOME50
Roll Call,"Indian, Pastas, Salads, Desserts, Beverages, Pizzas",38 MINS,₹600 FOR TWO,50% off | Use WELCOME50
Cakes11,"Indian, Pastas, Salads, Desserts, Beverages, Pizzas",38 MINS,₹600 FOR TWO,50% off | Use WELCOME50
Arathi Chinese fast food,"Indian, Pastas, Salads, Desserts, Beverages, Pizzas",38 MINS,₹600 FOR TWO,50% off | Use WELCOME50
Santos Dhaba-RJ-21,"Indian, Pastas, Salads, Desserts, Beverages, Pizzas",38 MINS,₹600 FOR TWO,50% off | Use WELCOME50
Ohri's Eatmor,"Indian, Pastas, Salads, Desserts, Beverages, Pizzas",38 MINS,₹600 FOR TWO,50% off | Use WELCOME50
Godavari ruchulu,"North Indian, Biryani, Chinese, South Indian, Seafood",38 MINS,₹500 FOR TWO,50% off | Use WELCOME50
Cake L'amore,"North Indian, Biryani, Chinese, South Indian, Seafood",38 MINS,₹500 FOR TWO,50% off | Use WELCOME50
Lakshmi Kaveri's kitchen,"North Indian, Biryani, Chinese, South Indian, Seafood",38 MINS,₹500 FOR TWO,50% off | Use WELCOME50
Qaffeine Coffee,"North Indian, Biryani, Chinese, South Indian, Seafood",38 MINS,₹500 FOR TWO,50% off | Use WELCOME50
McDonald's Gourmet Burger Collection,"North Indian, Biryani, Chinese, South Indian, Seafood",38 MINS,₹500 FOR TWO,50% off | Use WELCOME50
Suprabath tiffins,"North Indian, Biryani, Chinese, South Indian, Seafood",38 MINS,₹500 FOR TWO,50% off | Use WELCOME50
Samosa Singh,"North Indian, Biryani, Chinese, South Indian, Seafood",38 MINS,₹500 FOR TWO,50% off | Use WELCOME50
Ankapur Village,"North Indian, Biryani, Chinese, South Indian, Seafood",38 MINS,₹500 FOR TWO,50% off | Use WELCOME50
Miami Shakes & More,"North Indian, Biryani, Chinese, South Indian, Seafood",38 MINS,₹500 FOR TWO,50% off | Use WELCOME50
Om SaiRam Hospitality Services,"North Indian, Biryani, Chinese, South Indian, Seafood",38 MINS,₹500 FOR TWO,50% off | Use WELCOME50
Midland Bakers - Moti Nagar,"North Indian, Biryani, Chinese, South Indian, Seafood",38 MINS,₹500 FOR TWO,50% off | Use WELCOME50
Chai Chuski,"North Indian, Biryani, Chinese, South Indian, Seafood",38 MINS,₹500 FOR TWO,50% off | Use WELCOME50
MEGHANA FOODS,"North Indian, Biryani, Chinese, South Indian, Seafood",38 MINS,₹500 FOR TWO,50% off | Use WELCOME50
Khichdi Express,"North Indian, Biryani, Chinese, South Indian, Seafood",38 MINS,₹500 FOR TWO,50% off | Use WELCOME50
Ibaco,"North Indian, Biryani, Chinese, South Indian, Seafood",38 MINS,₹500 FOR TWO,50% off | Use WELCOME50
Charlie Chef's,"North Indian, Biryani, Chinese, South Indian, Seafood",38 MINS,₹500 FOR TWO,50% off | Use WELCOME50
Deccan Restaurant,"North Indian, Chinese, Andhra",40 MINS,₹600 FOR TWO,50% off | Use WELCOME50
Home Plate by EatFit,"North Indian, Chinese, Andhra",40 MINS,₹600 FOR TWO,50% off | Use WELCOME50
Sanjana Kitchen,"North Indian, Chinese, Andhra",40 MINS,₹600 FOR TWO,50% off | Use WELCOME50
Divine Kitchen,"North Indian, Chinese, Andhra",40 MINS,₹600 FOR TWO,50% off | Use WELCOME50
Wow Bawarchi,"North Indian, Chinese, Andhra",40 MINS,₹600 FOR TWO,50% off | Use WELCOME50
Concu,"North Indian, Chinese, Andhra",40 MINS,₹600 FOR TWO,50% off | Use WELCOME50
Sai Brundavan Tiffins,"North Indian, Chinese, Andhra",40 MINS,₹600 FOR TWO,50% off | Use WELCOME50
Balkrishna Santosh Family Dhaba,"North Indian, Chinese, Andhra",40 MINS,₹600 FOR TWO,50% off | Use WELCOME50
Seven Heaven Bakers,"North Indian, Chinese, Andhra",40 MINS,₹600 FOR TWO,50% off | Use WELCOME50
A'la Liberty,"North Indian, Chinese, Andhra",40 MINS,₹600 FOR TWO,50% off | Use WELCOME50
Kanikas Kitchen From Delhi,"North Indian, Chinese, Andhra",40 MINS,₹600 FOR TWO,50% off | Use WELCOME50
Zam Zam Shawarma,"North Indian, Chinese, Andhra",40 MINS,₹600 FOR TWO,50% off | Use WELCOME50
Sree Venkateswara Pure Veg,"North Indian, Chinese, Andhra",40 MINS,₹600 FOR TWO,50% off | Use WELCOME50
Gobblers Rolls & Bowls,"North Indian, Chinese, Andhra",40 MINS,₹600 FOR TWO,50% off | Use WELCOME50
Lassi Corner,"North Indian, Chinese, Andhra",40 MINS,₹600 FOR TWO,50% off | Use WELCOME50
Makhayad Arabi,"North Indian, Chinese, Andhra",40 MINS,₹600 FOR TWO,50% off | Use WELCOME50
HEALTHY CANE JUICE BAR,Beverages,30 MINS,₹100 FOR TWO,50% off | Use WELCOME50
Ganesh Salads & Juices,Beverages,30 MINS,₹100 FOR TWO,50% off | Use WELCOME50
MY HOME FOOD,Beverages,30 MINS,₹100 FOR TWO,50% off | Use WELCOME50
RASHMI KITCHEN,Beverages,30 MINS,₹100 FOR TWO,50% off | Use WELCOME50
Cookie Man,Beverages,30 MINS,₹100 FOR TWO,50% off | Use WELCOME50
Jashwanth Tiffin Center,Beverages,30 MINS,₹100 FOR TWO,50% off | Use WELCOME50
SUGARCANE WALA,Beverages,30 MINS,₹100 FOR TWO,50% off | Use WELCOME50
Just Bake,Beverages,30 MINS,₹100 FOR TWO,50% off | Use WELCOME50
The Master Chef,Beverages,30 MINS,₹100 FOR TWO,50% off | Use WELCOME50
Samosa Party,Beverages,30 MINS,₹100 FOR TWO,50% off | Use WELCOME50
Roll Zone,Beverages,30 MINS,₹100 FOR TWO,50% off | Use WELCOME50
NUE Cafe,Beverages,30 MINS,₹100 FOR TWO,50% off | Use WELCOME50
Noodle Club,Beverages,30 MINS,₹100 FOR TWO,50% off | Use WELCOME50
Grab A Bowl,Beverages,30 MINS,₹100 FOR TWO,50% off | Use WELCOME50
Farmhouse Subs by UrbanKisaan,Beverages,30 MINS,₹100 FOR TWO,50% off | Use WELCOME50
Tabla,Beverages,30 MINS,₹100 FOR TWO,50% off | Use WELCOME50
McDonald's Gourmet Burger Collection,"Burgers, Beverages, Cafe, Desserts",25 MINS,₹600 FOR TWO,50% off | Use WELCOME50
Raju Gari Biryani,"Burgers, Beverages, Cafe, Desserts",25 MINS,₹600 FOR TWO,50% off | Use WELCOME50
SRI MAHALAXMI REDDY BROTHERS TIFFINS & FAST FOOD,"Burgers, Beverages, Cafe, Desserts",25 MINS,₹600 FOR TWO,50% off | Use WELCOME50
Pista House Tea,"Burgers, Beverages, Cafe, Desserts",25 MINS,₹600 FOR TWO,50% off | Use WELCOME50
HUMMINGBIRD CAFE,"Burgers, Beverages, Cafe, Desserts",25 MINS,₹600 FOR TWO,50% off | Use WELCOME50
The Arabian Restaurant,"Burgers, Beverages, Cafe, Desserts",25 MINS,₹600 FOR TWO,50% off | Use WELCOME50
Green Dot Pizza,"Burgers, Beverages, Cafe, Desserts",25 MINS,₹600 FOR TWO,50% off | Use WELCOME50
AROMAS OF BENGAL,"Burgers, Beverages, Cafe, Desserts",25 MINS,₹600 FOR TWO,50% off | Use WELCOME50
Chef's Kitchen,"Burgers, Beverages, Cafe, Desserts",25 MINS,₹600 FOR TWO,50% off | Use WELCOME50
Sri Raghavendra,"Burgers, Beverages, Cafe, Desserts",25 MINS,₹600 FOR TWO,50% off | Use WELCOME50
RUCHI CURRY POINT,"Burgers, Beverages, Cafe, Desserts",25 MINS,₹600 FOR TWO,50% off | Use WELCOME50
Zorro - Milkshakes and Thickshakes,"Burgers, Beverages, Cafe, Desserts",25 MINS,₹600 FOR TWO,50% off | Use WELCOME50
VASIREDDY HOME FOODS,"Burgers, Beverages, Cafe, Desserts",25 MINS,₹600 FOR TWO,50% off | Use WELCOME50
Jamie Oliver's Pizzeria,"Burgers, Beverages, Cafe, Desserts",25 MINS,₹600 FOR TWO,50% off | Use WELCOME50
Cakelandia,"Burgers, Beverages, Cafe, Desserts",25 MINS,₹600 FOR TWO,50% off | Use WELCOME50
Sanjana Kitchen,"Burgers, Beverages, Cafe, Desserts",25 MINS,₹600 FOR TWO,50% off | Use WELCOME50
EMERALD MITHAI SHOP,"Sweets, Snacks",36 MINS,₹300 FOR TWO,50% off | Use WELCOME50
100N,"Sweets, Snacks",36 MINS,₹300 FOR TWO,50% off | Use WELCOME50
Saiko Sushi House,"Sweets, Snacks",36 MINS,₹300 FOR TWO,50% off | Use WELCOME50
Buffalo Wild Wings,"Sweets, Snacks",36 MINS,₹300 FOR TWO,50% off | Use WELCOME50
Shawarma Smack,"Sweets, Snacks",36 MINS,₹300 FOR TWO,50% off | Use WELCOME50
Euphoria,"Sweets, Snacks",36 MINS,₹300 FOR TWO,50% off | Use WELCOME50
Punjabi Bhatti,"Sweets, Snacks",36 MINS,₹300 FOR TWO,50% off | Use WELCOME50
The Red Dragon,"Sweets, Snacks",36 MINS,₹300 FOR TWO,50% off | Use WELCOME50
Cream Stone Ice Cream Cakes,"Sweets, Snacks",36 MINS,₹300 FOR TWO,50% off | Use WELCOME50
The Momo Co.,"Sweets, Snacks",36 MINS,₹300 FOR TWO,50% off | Use WELCOME50
Sri Siva Reddy Sweets & Chaat,"Sweets, Snacks",36 MINS,₹300 FOR TWO,50% off | Use WELCOME50
Sri Gayatri Bhavan,"Sweets, Snacks",36 MINS,₹300 FOR TWO,50% off | Use WELCOME50
Panda Momos,"Sweets, Snacks",36 MINS,₹300 FOR TWO,50% off | Use WELCOME50
Momo Zone - The Momo Company,"Sweets, Snacks",36 MINS,₹300 FOR TWO,50% off | Use WELCOME50
Cake Boss,"Sweets, Snacks",36 MINS,₹300 FOR TWO,50% off | Use WELCOME50
The Biryani Life,"Sweets, Snacks",36 MINS,₹300 FOR TWO,50% off | Use WELCOME50
Sampradaya Ruchulu,"South Indian, Andhra, Chinese, North Indian, Kebabs, Biryani, Snacks, Thalis",28 MINS,₹200 FOR TWO,50% off | Use WELCOME50
GRAB Burgers,"South Indian, Andhra, Chinese, North Indian, Kebabs, Biryani, Snacks, Thalis",28 MINS,₹200 FOR TWO,50% off | Use WELCOME50
Healthy food house,"South Indian, Andhra, Chinese, North Indian, Kebabs, Biryani, Snacks, Thalis",28 MINS,₹200 FOR TWO,50% off | Use WELCOME50
Kaati Zone Rolls & Wraps,"South Indian, Andhra, Chinese, North Indian, Kebabs, Biryani, Snacks, Thalis",28 MINS,₹200 FOR TWO,50% off | Use WELCOME50
Ruchi food court ,"South Indian, Andhra, Chinese, North Indian, Kebabs, Biryani, Snacks, Thalis",28 MINS,₹200 FOR TWO,50% off | Use WELCOME50
Taiba's Madina Darbar,"South Indian, Andhra, Chinese, North Indian, Kebabs, Biryani, Snacks, Thalis",28 MINS,₹200 FOR TWO,50% off | Use WELCOME50
AB's - Absolute Barbecues,"South Indian, Andhra, Chinese, North Indian, Kebabs, Biryani, Snacks, Thalis",28 MINS,₹200 FOR TWO,50% off | Use WELCOME50
Old Mumbai Ice Cream,"South Indian, Andhra, Chinese, North Indian, Kebabs, Biryani, Snacks, Thalis",28 MINS,₹200 FOR TWO,50% off | Use WELCOME50
Ci Gusta!,"South Indian, Andhra, Chinese, North Indian, Kebabs, Biryani, Snacks, Thalis",28 MINS,₹200 FOR TWO,50% off | Use WELCOME50
Olio - The Wood Fired Pizzeria,"South Indian, Andhra, Chinese, North Indian, Kebabs, Biryani, Snacks, Thalis",28 MINS,₹200 FOR TWO,50% off | Use WELCOME50
Cherla's cafe and restaurant,"South Indian, Andhra, Chinese, North Indian, Kebabs, Biryani, Snacks, Thalis",28 MINS,₹200 FOR TWO,50% off | Use WELCOME50
A-1 Mandi House,"South Indian, Andhra, Chinese, North Indian, Kebabs, Biryani, Snacks, Thalis",28 MINS,₹200 FOR TWO,50% off | Use WELCOME50
Ishta deluxe mess,"South Indian, Andhra, Chinese, North Indian, Kebabs, Biryani, Snacks, Thalis",28 MINS,₹200 FOR TWO,50% off | Use WELCOME50
Om Sri Sai Fast Food Centre,"South Indian, Andhra, Chinese, North Indian, Kebabs, Biryani, Snacks, Thalis",28 MINS,₹200 FOR TWO,50% off | Use WELCOME50
Bowl 99,"South Indian, Andhra, Chinese, North Indian, Kebabs, Biryani, Snacks, Thalis",28 MINS,₹200 FOR TWO,50% off | Use WELCOME50
Frutica original fruit ice creams,"South Indian, Andhra, Chinese, North Indian, Kebabs, Biryani, Snacks, Thalis",28 MINS,₹200 FOR TWO,50% off | Use WELCOME50
NUE Cafe,"Cafe, Italian",30 MINS,₹800 FOR TWO,50% off | Use WELCOME50
Tasty Touch Restaurant,"Cafe, Italian",30 MINS,₹800 FOR TWO,50% off | Use WELCOME50
"Frozen Bottle - Milkshakes, Desserts And Ice Cream","Cafe, Italian",30 MINS,₹800 FOR TWO,50% off | Use WELCOME50
Big Bowl Company,"Cafe, Italian",30 MINS,₹800 FOR TWO,50% off | Use WELCOME50
Ghee Idli,"Cafe, Italian",30 MINS,₹800 FOR TWO,50% off | Use WELCOME50
Suprabath tiffins,"Cafe, Italian",30 MINS,₹800 FOR TWO,50% off | Use WELCOME50
Divine Kitchen,"Cafe, Italian",30 MINS,₹800 FOR TWO,50% off | Use WELCOME50
BALAJI MARWADI SWEETS,"Cafe, Italian",30 MINS,₹800 FOR TWO,50% off | Use WELCOME50
Jarlie - Fine Desserts,"Cafe, Italian",30 MINS,₹800 FOR TWO,50% off | Use WELCOME50
The Milkshakes Factory,"Cafe, Italian",30 MINS,₹800 FOR TWO,50% off | Use WELCOME50
Hatti Kaapi - Coffee and more,"Cafe, Italian",30 MINS,₹800 FOR TWO,50% off | Use WELCOME50
Driven Cafe,"Cafe, Italian",30 MINS,₹800 FOR TWO,50% off | Use WELCOME50
Firangi Bake,"Cafe, Italian",30 MINS,₹800 FOR TWO,50% off | Use WELCOME50
New York Slice Pizza,"Cafe, Italian",30 MINS,₹800 FOR TWO,50% off | Use WELCOME50
T Grill,"Cafe, Italian",30 MINS,₹800 FOR TWO,50% off | Use WELCOME50
GUNTUR GONGOORA,"Cafe, Italian",30 MINS,₹800 FOR TWO,50% off | Use WELCOME50
Abhidhan Swad Sadhan,"Snacks, South Indian",40 MINS,₹200 FOR TWO,50% off | Use WELCOME50
Cheesecakes by Harley's,"Snacks, South Indian",40 MINS,₹200 FOR TWO,50% off | Use WELCOME50
Cheesy Pizza,"Snacks, South Indian",40 MINS,₹200 FOR TWO,50% off | Use WELCOME50
The Big Noodles,"Snacks, South Indian",40 MINS,₹200 FOR TWO,50% off | Use WELCOME50
SHANDHAR RESTAURANT,"Snacks, South Indian",40 MINS,₹200 FOR TWO,50% off | Use WELCOME50
Savira  Kitchens,"Snacks, South Indian",40 MINS,₹200 FOR TWO,50% off | Use WELCOME50
Fonce Chocolatier,"Snacks, South Indian",40 MINS,₹200 FOR TWO,50% off | Use WELCOME50
Konaseema Specials,"Snacks, South Indian",40 MINS,₹200 FOR TWO,50% off | Use WELCOME50
Sandwich Box,"Snacks, South Indian",40 MINS,₹200 FOR TWO,50% off | Use WELCOME50
KFC,"Snacks, South Indian",40 MINS,₹200 FOR TWO,50% off | Use WELCOME50
Nanking Express,"Snacks, South Indian",40 MINS,₹200 FOR TWO,50% off | Use WELCOME50
1989 Milkshakes,"Snacks, South Indian",40 MINS,₹200 FOR TWO,50% off | Use WELCOME50
AGRA SWEET HOUSE,"Snacks, South Indian",40 MINS,₹200 FOR TWO,50% off | Use WELCOME50
Sri Krishna Sweets,"Snacks, South Indian",40 MINS,₹200 FOR TWO,50% off | Use WELCOME50
Cafe Coffee Day,"Snacks, South Indian",40 MINS,₹200 FOR TWO,50% off | Use WELCOME50
Momo Guy,"Snacks, South Indian",40 MINS,₹200 FOR TWO,50% off | Use WELCOME50
Bagara Express,"Biryani, Hyderabadi, Andhra, North Indian, South Indian, Beverages",31 MINS,₹200 FOR TWO,50% off | Use WELCOME50
Dilse Delhi,"Biryani, Hyderabadi, Andhra, North Indian, South Indian, Beverages",31 MINS,₹200 FOR TWO,50% off | Use WELCOME50
HRX by EatFit,"Biryani, Hyderabadi, Andhra, North Indian, South Indian, Beverages",31 MINS,₹200 FOR TWO,50% off | Use WELCOME50
CF Fresh 100,"Biryani, Hyderabadi, Andhra, North Indian, South Indian, Beverages",31 MINS,₹200 FOR TWO,50% off | Use WELCOME50
Soups N Salads,"Biryani, Hyderabadi, Andhra, North Indian, South Indian, Beverages",31 MINS,₹200 FOR TWO,50% off | Use WELCOME50
Thick Shake House,"Biryani, Hyderabadi, Andhra, North Indian, South Indian, Beverages",31 MINS,₹200 FOR TWO,50% off | Use WELCOME50
Surprise India - Online Cake Delivery,"Biryani, Hyderabadi, Andhra, North Indian, South Indian, Beverages",31 MINS,₹200 FOR TWO,50% off | Use WELCOME50
Homely Fit,"Biryani, Hyderabadi, Andhra, North Indian, South Indian, Beverages",31 MINS,₹200 FOR TWO,50% off | Use WELCOME50
Cakes Club.Com,"Biryani, Hyderabadi, Andhra, North Indian, South Indian, Beverages",31 MINS,₹200 FOR TWO,50% off | Use WELCOME50
Biryani On Fire,"Biryani, Hyderabadi, Andhra, North Indian, South Indian, Beverages",31 MINS,₹200 FOR TWO,50% off | Use WELCOME50
Crusto's - Cheese Burst Pizza,"Biryani, Hyderabadi, Andhra, North Indian, South Indian, Beverages",31 MINS,₹200 FOR TWO,50% off | Use WELCOME50
Wow Chow,"Biryani, Hyderabadi, Andhra, North Indian, South Indian, Beverages",31 MINS,₹200 FOR TWO,50% off | Use WELCOME50
Chai Toh Banti Hai,"Biryani, Hyderabadi, Andhra, North Indian, South Indian, Beverages",31 MINS,₹200 FOR TWO,50% off | Use WELCOME50
Oteka Pizza,"Biryani, Hyderabadi, Andhra, North Indian, South Indian, Beverages",31 MINS,₹200 FOR TWO,50% off | Use WELCOME50
Waves,"Biryani, Hyderabadi, Andhra, North Indian, South Indian, Beverages",31 MINS,₹200 FOR TWO,50% off | Use WELCOME50
PALLEKODI PULLATLU,"Biryani, Hyderabadi, Andhra, North Indian, South Indian, Beverages",31 MINS,₹200 FOR TWO,50% off | Use WELCOME50
Waves,Indian,39 MINS,₹450 FOR TWO,50% off | Use WELCOME50
PALLEKODI PULLATLU,Indian,39 MINS,₹450 FOR TWO,50% off | Use WELCOME50
Mealful Rolls - India's Biggest Rolls,Indian,39 MINS,₹450 FOR TWO,50% off | Use WELCOME50
Fruit Wagon,Indian,39 MINS,₹450 FOR TWO,50% off | Use WELCOME50
Hyderabadi Food Court	,Indian,39 MINS,₹450 FOR TWO,50% off | Use WELCOME50
Driven Cafe,Indian,39 MINS,₹450 FOR TWO,50% off | Use WELCOME50
Biryani Den,Indian,39 MINS,₹450 FOR TWO,50% off | Use WELCOME50
Cane Juice Bar,Indian,39 MINS,₹450 FOR TWO,50% off | Use WELCOME50
China Box'd,Indian,39 MINS,₹450 FOR TWO,50% off | Use WELCOME50
Wok This Way	,Indian,39 MINS,₹450 FOR TWO,50% off | Use WELCOME50
Kadak House,Indian,39 MINS,₹450 FOR TWO,50% off | Use WELCOME50
Pure Veg Meals by Lunchbox,Indian,39 MINS,₹450 FOR TWO,50% off | Use WELCOME50
Konaseema Specials,Indian,39 MINS,₹450 FOR TWO,50% off | Use WELCOME50
Cakes Gallery,Indian,39 MINS,₹450 FOR TWO,50% off | Use WELCOME50
B Bicha Reddy Sweets,Indian,39 MINS,₹450 FOR TWO,50% off | Use WELCOME50
Roast ,Indian,39 MINS,₹450 FOR TWO,50% off | Use WELCOME50
Sri Raja Rajeswari Fruit Juices & Salads,"Beverages, Salads",22 MINS,₹200 FOR TWO,50% off | Use WELCOME50
Flechazo,"Beverages, Salads",22 MINS,₹200 FOR TWO,50% off | Use WELCOME50
PARATHA DURBAR,"Beverages, Salads",22 MINS,₹200 FOR TWO,50% off | Use WELCOME50
The Little Village Cafe - TLV,"Beverages, Salads",22 MINS,₹200 FOR TWO,50% off | Use WELCOME50
99 Pancakes,"Beverages, Salads",22 MINS,₹200 FOR TWO,50% off | Use WELCOME50
Domino's Pizza,"Beverages, Salads",22 MINS,₹200 FOR TWO,50% off | Use WELCOME50
Pakwaan Grand,"Beverages, Salads",22 MINS,₹200 FOR TWO,50% off | Use WELCOME50
RS Bowl Kitchen,"Beverages, Salads",22 MINS,₹200 FOR TWO,50% off | Use WELCOME50
DiabeSmart,"Beverages, Salads",22 MINS,₹200 FOR TWO,50% off | Use WELCOME50
Fat Chinese Chef,"Beverages, Salads",22 MINS,₹200 FOR TWO,50% off | Use WELCOME50
HRX by EatFit,"Beverages, Salads",22 MINS,₹200 FOR TWO,50% off | Use WELCOME50
Biryani Times,"Beverages, Salads",22 MINS,₹200 FOR TWO,50% off | Use WELCOME50
Tandoori Lights,"Beverages, Salads",22 MINS,₹200 FOR TWO,50% off | Use WELCOME50
Cake N Cakes,"Beverages, Salads",22 MINS,₹200 FOR TWO,50% off | Use WELCOME50
Sha Sha - Shandaar Shawarma,"Beverages, Salads",22 MINS,₹200 FOR TWO,50% off | Use WELCOME50
Eclair De Cake,"Beverages, Salads",22 MINS,₹200 FOR TWO,50% off | Use WELCOME50
Burger It Up,"Burgers, Beverages, Desserts, American, Cafe",38 MINS,₹150 FOR TWO,50% off | Use WELCOME50
Kaati Zone Rolls & Wraps,"Burgers, Beverages, Desserts, American, Cafe",38 MINS,₹150 FOR TWO,50% off | Use WELCOME50
The Kulcha Kulture,"Burgers, Beverages, Desserts, American, Cafe",38 MINS,₹150 FOR TWO,50% off | Use WELCOME50
Cheesecakes by Harley's,"Burgers, Beverages, Desserts, American, Cafe",38 MINS,₹150 FOR TWO,50% off | Use WELCOME50
The Hole in The Wall Cafe,"Burgers, Beverages, Desserts, American, Cafe",38 MINS,₹150 FOR TWO,50% off | Use WELCOME50
Pista House Bakery,"Burgers, Beverages, Desserts, American, Cafe",38 MINS,₹150 FOR TWO,50% off | Use WELCOME50
MEESALA RAJUGARI MESS,"Burgers, Beverages, Desserts, American, Cafe",38 MINS,₹150 FOR TWO,50% off | Use WELCOME50
San and Sally,"Burgers, Beverages, Desserts, American, Cafe",38 MINS,₹150 FOR TWO,50% off | Use WELCOME50
Cherla's cafe and restaurant,"Burgers, Beverages, Desserts, American, Cafe",38 MINS,₹150 FOR TWO,50% off | Use WELCOME50
Bowl 99,"Burgers, Beverages, Desserts, American, Cafe",38 MINS,₹150 FOR TWO,50% off | Use WELCOME50
Bakingo,"Burgers, Beverages, Desserts, American, Cafe",38 MINS,₹150 FOR TWO,50% off | Use WELCOME50
Mumbaichee Chaat Street,"Burgers, Beverages, Desserts, American, Cafe",38 MINS,₹150 FOR TWO,50% off | Use WELCOME50
Ciro's Pizzeria,"Burgers, Beverages, Desserts, American, Cafe",38 MINS,₹150 FOR TWO,50% off | Use WELCOME50
Rams Dosa House,"Burgers, Beverages, Desserts, American, Cafe",38 MINS,₹150 FOR TWO,50% off | Use WELCOME50
The frozen village,"Burgers, Beverages, Desserts, American, Cafe",38 MINS,₹150 FOR TWO,50% off | Use WELCOME50
Varalakshmi Tiffins,"Burgers, Beverages, Desserts, American, Cafe",38 MINS,₹150 FOR TWO,50% off | Use WELCOME50
The Little Village Cafe - TLV,"American, European, Indian",32 MINS,₹800 FOR TWO,FREE DELIVERY
Papacream,"American, European, Indian",32 MINS,₹800 FOR TWO,FREE DELIVERY
Firangi Bake,"American, European, Indian",32 MINS,₹800 FOR TWO,FREE DELIVERY
LB Frankie Rolls and More,"American, European, Indian",32 MINS,₹800 FOR TWO,FREE DELIVERY
Cakes Time,"American, European, Indian",32 MINS,₹800 FOR TWO,FREE DELIVERY
Hungryspoon By Radisson,"American, European, Indian",32 MINS,₹800 FOR TWO,FREE DELIVERY
Tea On,"American, European, Indian",32 MINS,₹800 FOR TWO,FREE DELIVERY
Karachi cafe,"American, European, Indian",32 MINS,₹800 FOR TWO,FREE DELIVERY
Fabelle Chocolates - ITC Kohenur,"American, European, Indian",32 MINS,₹800 FOR TWO,FREE DELIVERY
Nanking Express,"American, European, Indian",32 MINS,₹800 FOR TWO,FREE DELIVERY
Shree Santosh Dhaba,"American, European, Indian",32 MINS,₹800 FOR TWO,FREE DELIVERY
Jamie Oliver's Pizzeria,"American, European, Indian",32 MINS,₹800 FOR TWO,FREE DELIVERY
ATH - All Things Healthy!,"American, European, Indian",32 MINS,₹800 FOR TWO,FREE DELIVERY
Santosh Spicy Dhaba,"American, European, Indian",32 MINS,₹800 FOR TWO,FREE DELIVERY
Sweet Truth - Cake and Desserts,"American, European, Indian",32 MINS,₹800 FOR TWO,FREE DELIVERY
Lassi & Falooda Co,"American, European, Indian",32 MINS,₹800 FOR TWO,FREE DELIVERY
Creamy N Creamy Ice Stone,"Desserts, Beverages, Hyderabadi",33 MINS,₹150 FOR TWO,FREE DELIVERY
The Aalayas Kitchen,"Desserts, Beverages, Hyderabadi",33 MINS,₹150 FOR TWO,FREE DELIVERY
Signature Snacks,"Desserts, Beverages, Hyderabadi",33 MINS,₹150 FOR TWO,FREE DELIVERY
Pompeii Pizza Studio,"Desserts, Beverages, Hyderabadi",33 MINS,₹150 FOR TWO,FREE DELIVERY
Oh Biryani,"Desserts, Beverages, Hyderabadi",33 MINS,₹150 FOR TWO,FREE DELIVERY
Balaji Mithai Bhandar,"Desserts, Beverages, Hyderabadi",33 MINS,₹150 FOR TWO,FREE DELIVERY
Cake N Cakes,"Desserts, Beverages, Hyderabadi",33 MINS,₹150 FOR TWO,FREE DELIVERY
Crumbcoat,"Desserts, Beverages, Hyderabadi",33 MINS,₹150 FOR TWO,FREE DELIVERY
Mana Bhojanam,"Desserts, Beverages, Hyderabadi",33 MINS,₹150 FOR TWO,FREE DELIVERY
Auberry The Bake Shop,"Desserts, Beverages, Hyderabadi",33 MINS,₹150 FOR TWO,FREE DELIVERY
Punjabi kitchen,"Desserts, Beverages, Hyderabadi",33 MINS,₹150 FOR TWO,FREE DELIVERY
Sri Vinayaka Tiffins & Fast Foods,"Desserts, Beverages, Hyderabadi",33 MINS,₹150 FOR TWO,FREE DELIVERY
Wanderlust Bakes,"Desserts, Beverages, Hyderabadi",33 MINS,₹150 FOR TWO,FREE DELIVERY
AROMAS OF BENGAL,"Desserts, Beverages, Hyderabadi",33 MINS,₹150 FOR TWO,FREE DELIVERY
Harley's Celebration Cakes,"Desserts, Beverages, Hyderabadi",33 MINS,₹150 FOR TWO,FREE DELIVERY
New York Slice Pizza,"Desserts, Beverages, Hyderabadi",33 MINS,₹150 FOR TWO,FREE DELIVERY
Itminaan Matka Biryani - Slow Cooked,"Biryani, North Indian, Mughlai",40 MINS,₹250 FOR TWO,FLAT125 off | Use FLATDEAL
Rolls & Bowls Company,"Biryani, North Indian, Mughlai",40 MINS,₹250 FOR TWO,FLAT125 off | Use FLATDEAL
HOMELY POT,"Biryani, North Indian, Mughlai",40 MINS,₹250 FOR TWO,FLAT125 off | Use FLATDEAL
DCREME BY DADUS,"Biryani, North Indian, Mughlai",40 MINS,₹250 FOR TWO,FLAT125 off | Use FLATDEAL
Babai Express,"Biryani, North Indian, Mughlai",40 MINS,₹250 FOR TWO,FLAT125 off | Use FLATDEAL
Cane For Health,"Biryani, North Indian, Mughlai",40 MINS,₹250 FOR TWO,FLAT125 off | Use FLATDEAL
Flavours Of Rice	,"Biryani, North Indian, Mughlai",40 MINS,₹250 FOR TWO,FLAT125 off | Use FLATDEAL
Pulihoras,"Biryani, North Indian, Mughlai",40 MINS,₹250 FOR TWO,FLAT125 off | Use FLATDEAL
SHAHI BIRYANIS & PULAOS,"Biryani, North Indian, Mughlai",40 MINS,₹250 FOR TWO,FLAT125 off | Use FLATDEAL
PanBoy Sandwiches,"Biryani, North Indian, Mughlai",40 MINS,₹250 FOR TWO,FLAT125 off | Use FLATDEAL
Mamanori,"Biryani, North Indian, Mughlai",40 MINS,₹250 FOR TWO,FLAT125 off | Use FLATDEAL
Prem sweet jodhpur wala,"Biryani, North Indian, Mughlai",40 MINS,₹250 FOR TWO,FLAT125 off | Use FLATDEAL
The Betel House,"Biryani, North Indian, Mughlai",40 MINS,₹250 FOR TWO,FLAT125 off | Use FLATDEAL
Tasty Momos,"Biryani, North Indian, Mughlai",40 MINS,₹250 FOR TWO,FLAT125 off | Use FLATDEAL
Deepak Edla's Kitchen,"Biryani, North Indian, Mughlai",40 MINS,₹250 FOR TWO,FLAT125 off | Use FLATDEAL
The Smoking Bowl,"Biryani, North Indian, Mughlai",40 MINS,₹250 FOR TWO,FLAT125 off | Use FLATDEAL
Kulfi Nation,"Desserts, Ice Cream",34 MINS,₹200 FOR TWO,50% off | Use WELCOME50
Jarlie - Fine Desserts,"Desserts, Ice Cream",34 MINS,₹200 FOR TWO,50% off | Use WELCOME50
Hut Chocolate House,"Desserts, Ice Cream",34 MINS,₹200 FOR TWO,50% off | Use WELCOME50
EK PYALI CHAI,"Desserts, Ice Cream",34 MINS,₹200 FOR TWO,50% off | Use WELCOME50
Chandni Chowk,"Desserts, Ice Cream",34 MINS,₹200 FOR TWO,50% off | Use WELCOME50
Ghee Idli,"Desserts, Ice Cream",34 MINS,₹200 FOR TWO,50% off | Use WELCOME50
Cookie Man Next Galleria Punjagutta,"Desserts, Ice Cream",34 MINS,₹200 FOR TWO,50% off | Use WELCOME50
MBA KA DHABA,"Desserts, Ice Cream",34 MINS,₹200 FOR TWO,50% off | Use WELCOME50
Cafe Affinite,"Desserts, Ice Cream",34 MINS,₹200 FOR TWO,50% off | Use WELCOME50
Lean Bites,"Desserts, Ice Cream",34 MINS,₹200 FOR TWO,50% off | Use WELCOME50
Chai & Co,"Desserts, Ice Cream",34 MINS,₹200 FOR TWO,50% off | Use WELCOME50
Splurge - Thickshakes and Milkshakes,"Desserts, Ice Cream",34 MINS,₹200 FOR TWO,50% off | Use WELCOME50
Faasos' Signature Wraps & Rolls,"Desserts, Ice Cream",34 MINS,₹200 FOR TWO,50% off | Use WELCOME50
7 Sisters,"Desserts, Ice Cream",34 MINS,₹200 FOR TWO,50% off | Use WELCOME50
Rotika Rasoi,"Desserts, Ice Cream",34 MINS,₹200 FOR TWO,50% off | Use WELCOME50
Jenny's Brownies,"Desserts, Ice Cream",34 MINS,₹200 FOR TWO,50% off | Use WELCOME50
Nutmeg By ITC Hotels- Cakes & Desserts,Desserts,59 MINS,₹1000 FOR TWO,50% off | Use WELCOME50
EAGLES PIZZA HUT,Desserts,59 MINS,₹1000 FOR TWO,50% off | Use WELCOME50
Sitopia by YelloLife,Desserts,59 MINS,₹1000 FOR TWO,50% off | Use WELCOME50
Winners Pizza (Fresh Dough),Desserts,59 MINS,₹1000 FOR TWO,50% off | Use WELCOME50
PIZZA HUT HUB,Desserts,59 MINS,₹1000 FOR TWO,50% off | Use WELCOME50
Andhra Meal Co,Desserts,59 MINS,₹1000 FOR TWO,50% off | Use WELCOME50
The Baker's Dozen,Desserts,59 MINS,₹1000 FOR TWO,50% off | Use WELCOME50
The Big Cup Theory,Desserts,59 MINS,₹1000 FOR TWO,50% off | Use WELCOME50
Green Dot Pizza,Desserts,59 MINS,₹1000 FOR TWO,50% off | Use WELCOME50
SHANDHAR RESTAURANT,Desserts,59 MINS,₹1000 FOR TWO,50% off | Use WELCOME50
10D Express,Desserts,59 MINS,₹1000 FOR TWO,50% off | Use WELCOME50
"Just Bake - Bakery, Cakes & Desserts",Desserts,59 MINS,₹1000 FOR TWO,50% off | Use WELCOME50
MAD & CO - Boba Tea,Desserts,59 MINS,₹1000 FOR TWO,50% off | Use WELCOME50
Miami Waffle & Jawbreakers,Desserts,59 MINS,₹1000 FOR TWO,50% off | Use WELCOME50
Hulchal Desserts & Bakers,Desserts,59 MINS,₹1000 FOR TWO,50% off | Use WELCOME50
The Juicers Co.,Desserts,59 MINS,₹1000 FOR TWO,50% off | Use WELCOME50
Kings Kitchen,Indian,32 MINS,₹250 FOR TWO,50% off | Use WELCOME50
KRISPY BYTES,Indian,32 MINS,₹250 FOR TWO,50% off | Use WELCOME50
WOWFFLES,Indian,32 MINS,₹250 FOR TWO,50% off | Use WELCOME50
B Curries (by Biryanis & More),Indian,32 MINS,₹250 FOR TWO,50% off | Use WELCOME50
Shakes 365,Indian,32 MINS,₹250 FOR TWO,50% off | Use WELCOME50
South by Cravery,Indian,32 MINS,₹250 FOR TWO,50% off | Use WELCOME50
Oh! Punjab,Indian,32 MINS,₹250 FOR TWO,50% off | Use WELCOME50
B Cafe,Indian,32 MINS,₹250 FOR TWO,50% off | Use WELCOME50
EXOTICA 99,Indian,32 MINS,₹250 FOR TWO,50% off | Use WELCOME50
ZAZA 22 Spice Biryani,Indian,32 MINS,₹250 FOR TWO,50% off | Use WELCOME50
Anjali Tiffin Center,Indian,32 MINS,₹250 FOR TWO,50% off | Use WELCOME50
Party Fried Chicken,Indian,32 MINS,₹250 FOR TWO,50% off | Use WELCOME50
Taste Punjab Da,Indian,32 MINS,₹250 FOR TWO,50% off | Use WELCOME50
Kulfi & Falooda Project,Indian,32 MINS,₹250 FOR TWO,50% off | Use WELCOME50
AGRA SWEET HOUSE,Indian,32 MINS,₹250 FOR TWO,50% off | Use WELCOME50
Tara Juice World,Indian,32 MINS,₹250 FOR TWO,50% off | Use WELCOME50
Swap,"Healthy Food, Keto, Salads",29 MINS,₹150 FOR TWO,50% off | Use WELCOME50
Mama Momos Adda,"Healthy Food, Keto, Salads",29 MINS,₹150 FOR TWO,50% off | Use WELCOME50
Kadupuninda,"Healthy Food, Keto, Salads",29 MINS,₹150 FOR TWO,50% off | Use WELCOME50
Feast Xpress,"Healthy Food, Keto, Salads",29 MINS,₹150 FOR TWO,50% off | Use WELCOME50
Healthy and tasty kitchen,"Healthy Food, Keto, Salads",29 MINS,₹150 FOR TWO,50% off | Use WELCOME50
Hunger's Hub,"Healthy Food, Keto, Salads",29 MINS,₹150 FOR TWO,50% off | Use WELCOME50
KUKI (KURNOOL KITCHEN),"Healthy Food, Keto, Salads",29 MINS,₹150 FOR TWO,50% off | Use WELCOME50
Van Lavino,"Healthy Food, Keto, Salads",29 MINS,₹150 FOR TWO,50% off | Use WELCOME50
SRI KRISHNA UDUPI PARK,"Healthy Food, Keto, Salads",29 MINS,₹150 FOR TWO,50% off | Use WELCOME50
Chickpet Donne Biryani House,"Healthy Food, Keto, Salads",29 MINS,₹150 FOR TWO,50% off | Use WELCOME50
Tea On,"Healthy Food, Keto, Salads",29 MINS,₹150 FOR TWO,50% off | Use WELCOME50
Thick Shake House,"Healthy Food, Keto, Salads",29 MINS,₹150 FOR TWO,50% off | Use WELCOME50
Oven Story Pizza,"Healthy Food, Keto, Salads",29 MINS,₹150 FOR TWO,50% off | Use WELCOME50
SWEET BASKET,"Healthy Food, Keto, Salads",29 MINS,₹150 FOR TWO,50% off | Use WELCOME50
Green Bar Juices & More,"Healthy Food, Keto, Salads",29 MINS,₹150 FOR TWO,50% off | Use WELCOME50
Hotel Sri Raghavendra Udupi Veg,"Healthy Food, Keto, Salads",29 MINS,₹150 FOR TWO,50% off | Use WELCOME50
Gabru Di Chaap,"North Indian, Snacks",48 MINS,₹300 FOR TWO,50% off | Use WELCOME50
Cake'S Corner Baker'S,"North Indian, Snacks",48 MINS,₹300 FOR TWO,50% off | Use WELCOME50
JAITHRI'S SARAVANA BHAVAN,"North Indian, Snacks",48 MINS,₹300 FOR TWO,50% off | Use WELCOME50
Tempting tarts,"North Indian, Snacks",48 MINS,₹300 FOR TWO,50% off | Use WELCOME50
The Tea Planet,"North Indian, Snacks",48 MINS,₹300 FOR TWO,50% off | Use WELCOME50
Sanjos Donuts,"North Indian, Snacks",48 MINS,₹300 FOR TWO,50% off | Use WELCOME50
OMBC,"North Indian, Snacks",48 MINS,₹300 FOR TWO,50% off | Use WELCOME50
Chai Pani,"North Indian, Snacks",48 MINS,₹300 FOR TWO,50% off | Use WELCOME50
Cafe Eclat,"North Indian, Snacks",48 MINS,₹300 FOR TWO,50% off | Use WELCOME50
Poppers Pizza,"North Indian, Snacks",48 MINS,₹300 FOR TWO,50% off | Use WELCOME50
Eat Confetti,"North Indian, Snacks",48 MINS,₹300 FOR TWO,50% off | Use WELCOME50
WHITE NOISE CAFE,"North Indian, Snacks",48 MINS,₹300 FOR TWO,50% off | Use WELCOME50
Mythree Tiffins,"North Indian, Snacks",48 MINS,₹300 FOR TWO,50% off | Use WELCOME50
Vadapav & More,"North Indian, Snacks",48 MINS,₹300 FOR TWO,50% off | Use WELCOME50
West Champaran Dhaba,"North Indian, Snacks",48 MINS,₹300 FOR TWO,50% off | Use WELCOME50
POTHGAAL SWEETS,"North Indian, Snacks",48 MINS,₹300 FOR TWO,50% off | Use WELCOME50
Mythree Tiffins,South Indian,45 MINS,₹100 FOR TWO,50% off | Use WELCOME50
Vadapav & More,South Indian,45 MINS,₹100 FOR TWO,50% off | Use WELCOME50
West Champaran Dhaba,South Indian,45 MINS,₹100 FOR TWO,50% off | Use WELCOME50
POTHGAAL SWEETS,South Indian,45 MINS,₹100 FOR TWO,50% off | Use WELCOME50
Village Recipes,South Indian,45 MINS,₹100 FOR TWO,50% off | Use WELCOME50
Combo Stories By 10D Express,South Indian,45 MINS,₹100 FOR TWO,50% off | Use WELCOME50
Ironhill Cafe,South Indian,45 MINS,₹100 FOR TWO,50% off | Use WELCOME50
The Big Noodles,South Indian,45 MINS,₹100 FOR TWO,50% off | Use WELCOME50
Punjabi Paratha,South Indian,45 MINS,₹100 FOR TWO,50% off | Use WELCOME50
9 Biryanis and Pulaos,South Indian,45 MINS,₹100 FOR TWO,50% off | Use WELCOME50
Aromas of Asia,South Indian,45 MINS,₹100 FOR TWO,50% off | Use WELCOME50
10D Biryani Express,South Indian,45 MINS,₹100 FOR TWO,50% off | Use WELCOME50
Hyderama,South Indian,45 MINS,₹100 FOR TWO,50% off | Use WELCOME50
Waffle House,South Indian,45 MINS,₹100 FOR TWO,50% off | Use WELCOME50
SPICY BIRYANI,South Indian,45 MINS,₹100 FOR TWO,50% off | Use WELCOME50
Labonel Fine Baking,South Indian,45 MINS,₹100 FOR TWO,50% off | Use WELCOME50
Begum's Biryani,"Biryani, South Indian",38 MINS,₹300 FOR TWO,50% off | Use WELCOME50
Brown Bear Bakers Manikonda,"Biryani, South Indian",38 MINS,₹300 FOR TWO,50% off | Use WELCOME50
Balaji Santosh Family Dhaba,"Biryani, South Indian",38 MINS,₹300 FOR TWO,50% off | Use WELCOME50
Combo Street,"Biryani, South Indian",38 MINS,₹300 FOR TWO,50% off | Use WELCOME50
Deccan Spice,"Biryani, South Indian",38 MINS,₹300 FOR TWO,50% off | Use WELCOME50
Flying Beans Cafe,"Biryani, South Indian",38 MINS,₹300 FOR TWO,50% off | Use WELCOME50
Pista Bakers,"Biryani, South Indian",38 MINS,₹300 FOR TWO,50% off | Use WELCOME50
Cafe Eclat,"Biryani, South Indian",38 MINS,₹300 FOR TWO,50% off | Use WELCOME50
Chicken Shawarma Hut,"Biryani, South Indian",38 MINS,₹300 FOR TWO,50% off | Use WELCOME50
Nrs Cafe Nandini,"Biryani, South Indian",38 MINS,₹300 FOR TWO,50% off | Use WELCOME50
ZAZA 22 Spice Biryani,"Biryani, South Indian",38 MINS,₹300 FOR TWO,50% off | Use WELCOME50
AM PM Store,"Biryani, South Indian",38 MINS,₹300 FOR TWO,50% off | Use WELCOME50
Anitha's Kitchen,"Biryani, South Indian",38 MINS,₹300 FOR TWO,50% off | Use WELCOME50
Hitech Bawarchi Food Court,"Biryani, South Indian",38 MINS,₹300 FOR TWO,50% off | Use WELCOME50
Healing Rice Bowls,"Biryani, South Indian",38 MINS,₹300 FOR TWO,50% off | Use WELCOME50
POTHGAAL SWEETS,"Biryani, South Indian",38 MINS,₹300 FOR TWO,50% off | Use WELCOME50
2 Chefs Cafe,"Snacks, Fast Food, Beverages",44 MINS,₹100 FOR TWO,50% off | Use WELCOME50
Scoops Ameerpet,"Snacks, Fast Food, Beverages",44 MINS,₹100 FOR TWO,50% off | Use WELCOME50
Mibbles,"Snacks, Fast Food, Beverages",44 MINS,₹100 FOR TWO,50% off | Use WELCOME50
Indari,"Snacks, Fast Food, Beverages",44 MINS,₹100 FOR TWO,50% off | Use WELCOME50
Burgers & Grills,"Snacks, Fast Food, Beverages",44 MINS,₹100 FOR TWO,50% off | Use WELCOME50
Vikendi,"Snacks, Fast Food, Beverages",44 MINS,₹100 FOR TWO,50% off | Use WELCOME50
Ohri's Serengeti,"Snacks, Fast Food, Beverages",44 MINS,₹100 FOR TWO,50% off | Use WELCOME50
Momo Street,"Snacks, Fast Food, Beverages",44 MINS,₹100 FOR TWO,50% off | Use WELCOME50
Sri sai mess,"Snacks, Fast Food, Beverages",44 MINS,₹100 FOR TWO,50% off | Use WELCOME50
Sri Balaji mithai bhandar,"Snacks, Fast Food, Beverages",44 MINS,₹100 FOR TWO,50% off | Use WELCOME50
Taste of shakes,"Snacks, Fast Food, Beverages",44 MINS,₹100 FOR TWO,50% off | Use WELCOME50
Royal cuisine,"Snacks, Fast Food, Beverages",44 MINS,₹100 FOR TWO,50% off | Use WELCOME50
ITC Fabelle Chocolates,"Snacks, Fast Food, Beverages",44 MINS,₹100 FOR TWO,50% off | Use WELCOME50
Ballu Bawarchi,"Snacks, Fast Food, Beverages",44 MINS,₹100 FOR TWO,50% off | Use WELCOME50
Little Brussels by 45th Avenue Karachi Bakery,"Snacks, Fast Food, Beverages",44 MINS,₹100 FOR TWO,50% off | Use WELCOME50
Makhanwala,"Snacks, Fast Food, Beverages",44 MINS,₹100 FOR TWO,50% off | Use WELCOME50
Makhanwala,"Indian, North Indian, Kebabs, Mughlai, Biryani, Thalis, Afghani, Home Food, Gril...",44 MINS,₹400 FOR TWO,FLAT125 off | Use FLATDEAL
Flavours by ITC Hotels,"Indian, North Indian, Kebabs, Mughlai, Biryani, Thalis, Afghani, Home Food, Gril...",44 MINS,₹400 FOR TWO,FLAT125 off | Use FLATDEAL
Starboy Pizza & Shakes,"Indian, North Indian, Kebabs, Mughlai, Biryani, Thalis, Afghani, Home Food, Gril...",44 MINS,₹400 FOR TWO,FLAT125 off | Use FLATDEAL
The Hole in The Wall Cafe,"Indian, North Indian, Kebabs, Mughlai, Biryani, Thalis, Afghani, Home Food, Gril...",44 MINS,₹400 FOR TWO,FLAT125 off | Use FLATDEAL
Winni Cakes & More,"Indian, North Indian, Kebabs, Mughlai, Biryani, Thalis, Afghani, Home Food, Gril...",44 MINS,₹400 FOR TWO,FLAT125 off | Use FLATDEAL
SodaBottleOpenerWala,"Indian, North Indian, Kebabs, Mughlai, Biryani, Thalis, Afghani, Home Food, Gril...",44 MINS,₹400 FOR TWO,FLAT125 off | Use FLATDEAL
Ohri's Ming's Court,"Indian, North Indian, Kebabs, Mughlai, Biryani, Thalis, Afghani, Home Food, Gril...",44 MINS,₹400 FOR TWO,FLAT125 off | Use FLATDEAL
Shadaab,"Indian, North Indian, Kebabs, Mughlai, Biryani, Thalis, Afghani, Home Food, Gril...",44 MINS,₹400 FOR TWO,FLAT125 off | Use FLATDEAL
Wack Waffles & Brownies,"Indian, North Indian, Kebabs, Mughlai, Biryani, Thalis, Afghani, Home Food, Gril...",44 MINS,₹400 FOR TWO,FLAT125 off | Use FLATDEAL
"Sobremesa - Cafe, Bakehouse, Kitchen","Indian, North Indian, Kebabs, Mughlai, Biryani, Thalis, Afghani, Home Food, Gril...",44 MINS,₹400 FOR TWO,FLAT125 off | Use FLATDEAL
Pind Da Paratha,"Indian, North Indian, Kebabs, Mughlai, Biryani, Thalis, Afghani, Home Food, Gril...",44 MINS,₹400 FOR TWO,FLAT125 off | Use FLATDEAL
Biryani Hazir Ho,"Indian, North Indian, Kebabs, Mughlai, Biryani, Thalis, Afghani, Home Food, Gril...",44 MINS,₹400 FOR TWO,FLAT125 off | Use FLATDEAL
The frozen village,"Indian, North Indian, Kebabs, Mughlai, Biryani, Thalis, Afghani, Home Food, Gril...",44 MINS,₹400 FOR TWO,FLAT125 off | Use FLATDEAL
BLIND CH3MISTRY,"Indian, North Indian, Kebabs, Mughlai, Biryani, Thalis, Afghani, Home Food, Gril...",44 MINS,₹400 FOR TWO,FLAT125 off | Use FLATDEAL
The Cake Room,"Indian, North Indian, Kebabs, Mughlai, Biryani, Thalis, Afghani, Home Food, Gril...",44 MINS,₹400 FOR TWO,FLAT125 off | Use FLATDEAL
GLOBALLY-Eat Locally,"Indian, North Indian, Kebabs, Mughlai, Biryani, Thalis, Afghani, Home Food, Gril...",44 MINS,₹400 FOR TWO,FLAT125 off | Use FLATDEAL
Enchante Cafe & Confectionery,"Cafe, Beverages, Desserts, Continental, Italian, American",37 MINS,₹600 FOR TWO,50% off | Use WELCOME50
HUMMINGBIRD CAFE,"Cafe, Beverages, Desserts, Continental, Italian, American",37 MINS,₹600 FOR TWO,50% off | Use WELCOME50
OM SANTOSHI DHABA,"Cafe, Beverages, Desserts, Continental, Italian, American",37 MINS,₹600 FOR TWO,50% off | Use WELCOME50
Healing Rice Bowls,"Cafe, Beverages, Desserts, Continental, Italian, American",37 MINS,₹600 FOR TWO,50% off | Use WELCOME50
Authentic Chinese Town,"Cafe, Beverages, Desserts, Continental, Italian, American",37 MINS,₹600 FOR TWO,50% off | Use WELCOME50
Chill Restaurant - Radisson Blu,"Cafe, Beverages, Desserts, Continental, Italian, American",37 MINS,₹600 FOR TWO,50% off | Use WELCOME50
Millet Marvels,"Cafe, Beverages, Desserts, Continental, Italian, American",37 MINS,₹600 FOR TWO,50% off | Use WELCOME50
Pralines & cream,"Cafe, Beverages, Desserts, Continental, Italian, American",37 MINS,₹600 FOR TWO,50% off | Use WELCOME50
Mahalaxmi Tiffins,"Cafe, Beverages, Desserts, Continental, Italian, American",37 MINS,₹600 FOR TWO,50% off | Use WELCOME50
Dumb Biryani,"Cafe, Beverages, Desserts, Continental, Italian, American",37 MINS,₹600 FOR TWO,50% off | Use WELCOME50
McCafe by McDonald's,"Cafe, Beverages, Desserts, Continental, Italian, American",37 MINS,₹600 FOR TWO,50% off | Use WELCOME50
Cupcake Bliss Cake & Desserts,"Cafe, Beverages, Desserts, Continental, Italian, American",37 MINS,₹600 FOR TWO,50% off | Use WELCOME50
Sanskari Biryani,"Cafe, Beverages, Desserts, Continental, Italian, American",37 MINS,₹600 FOR TWO,50% off | Use WELCOME50
VENKAT FITNESS,"Cafe, Beverages, Desserts, Continental, Italian, American",37 MINS,₹600 FOR TWO,50% off | Use WELCOME50
De Scooper,"Cafe, Beverages, Desserts, Continental, Italian, American",37 MINS,₹600 FOR TWO,50% off | Use WELCOME50
THE BAKING CULTURE,"Cafe, Beverages, Desserts, Continental, Italian, American",37 MINS,₹600 FOR TWO,50% off | Use WELCOME50
Sri Maha Raja Rajeswari Tiffins Meals Currys and Snacks At Fec,"Indian, Biryani, Hyderabadi",35 MINS,₹300 FOR TWO,50% off | Use WELCOME50
Daily Relish,"Indian, Biryani, Hyderabadi",35 MINS,₹300 FOR TWO,50% off | Use WELCOME50
HANWIN KERALA CAFE,"Indian, Biryani, Hyderabadi",35 MINS,₹300 FOR TWO,50% off | Use WELCOME50
Peppy Chicken,"Indian, Biryani, Hyderabadi",35 MINS,₹300 FOR TWO,50% off | Use WELCOME50
Savla's Home Food,"Indian, Biryani, Hyderabadi",35 MINS,₹300 FOR TWO,50% off | Use WELCOME50
Kings Kitchen,"Indian, Biryani, Hyderabadi",35 MINS,₹300 FOR TWO,50% off | Use WELCOME50
Gelatissimo,"Indian, Biryani, Hyderabadi",35 MINS,₹300 FOR TWO,50% off | Use WELCOME50
Milano Ice Cream,"Indian, Biryani, Hyderabadi",35 MINS,₹300 FOR TWO,50% off | Use WELCOME50
palakkad parottas,"Indian, Biryani, Hyderabadi",35 MINS,₹300 FOR TWO,50% off | Use WELCOME50
Chemistry With Chinestry,"Indian, Biryani, Hyderabadi",35 MINS,₹300 FOR TWO,50% off | Use WELCOME50
Steel Cafe by Kunal Gir,"Indian, Biryani, Hyderabadi",35 MINS,₹300 FOR TWO,50% off | Use WELCOME50
Amys Cafe,"Indian, Biryani, Hyderabadi",35 MINS,₹300 FOR TWO,50% off | Use WELCOME50
CHOP STICKS ,"Indian, Biryani, Hyderabadi",35 MINS,₹300 FOR TWO,50% off | Use WELCOME50
Alfa Sweets,"Indian, Biryani, Hyderabadi",35 MINS,₹300 FOR TWO,50% off | Use WELCOME50
Fatty Fingers,"Indian, Biryani, Hyderabadi",35 MINS,₹300 FOR TWO,50% off | Use WELCOME50
Tenner Cafe by 10DOWNING Street,"Indian, Biryani, Hyderabadi",35 MINS,₹300 FOR TWO,50% off | Use WELCOME50
Amrita Savouring Food,"Chinese, North Indian, South Indian",49 MINS,₹300 FOR TWO,50% off | Use WELCOME50
Hum Tum Masala Delight,"Chinese, North Indian, South Indian",49 MINS,₹300 FOR TWO,50% off | Use WELCOME50
Cheesecakes By CakeZone,"Chinese, North Indian, South Indian",49 MINS,₹300 FOR TWO,50% off | Use WELCOME50
The Betel Leaf Co.,"Chinese, North Indian, South Indian",49 MINS,₹300 FOR TWO,50% off | Use WELCOME50
Cheesecakes by Harley's,"Chinese, North Indian, South Indian",49 MINS,₹300 FOR TWO,50% off | Use WELCOME50
The Westin,"Chinese, North Indian, South Indian",49 MINS,₹300 FOR TWO,50% off | Use WELCOME50
Kouzina Kafe - The Food Court,"Chinese, North Indian, South Indian",49 MINS,₹300 FOR TWO,50% off | Use WELCOME50
SRI SAI DARSHINI,"Chinese, North Indian, South Indian",49 MINS,₹300 FOR TWO,50% off | Use WELCOME50
Hush Cafe,"Chinese, North Indian, South Indian",49 MINS,₹300 FOR TWO,50% off | Use WELCOME50
Veg Daawat by Behrouz,"Chinese, North Indian, South Indian",49 MINS,₹300 FOR TWO,50% off | Use WELCOME50
Eat Italy,"Chinese, North Indian, South Indian",49 MINS,₹300 FOR TWO,50% off | Use WELCOME50
The Coriander Multicuisine Restaurant,"Chinese, North Indian, South Indian",49 MINS,₹300 FOR TWO,50% off | Use WELCOME50
BEL POSTO THE CAFE,"Chinese, North Indian, South Indian",49 MINS,₹300 FOR TWO,50% off | Use WELCOME50
Flechazo,"Chinese, North Indian, South Indian",49 MINS,₹300 FOR TWO,50% off | Use WELCOME50
Sri Maha Raja Rajeswari Tiffins Meals Currys and Snacks At Fec,"Chinese, North Indian, South Indian",49 MINS,₹300 FOR TWO,50% off | Use WELCOME50
Alfa Sweets,"Chinese, North Indian, South Indian",49 MINS,₹300 FOR TWO,50% off | Use WELCOME50
BIB - Breakfast in the Box,"American, Snacks",39 MINS,₹500 FOR TWO,50% off | Use WELCOME50
HEALTHHYY5IVE,"American, Snacks",39 MINS,₹500 FOR TWO,50% off | Use WELCOME50
Flying Kombucha,"American, Snacks",39 MINS,₹500 FOR TWO,50% off | Use WELCOME50
Fullfills,"American, Snacks",39 MINS,₹500 FOR TWO,50% off | Use WELCOME50
Bhatti Chicken Wings,"American, Snacks",39 MINS,₹500 FOR TWO,50% off | Use WELCOME50
Barista,"American, Snacks",39 MINS,₹500 FOR TWO,50% off | Use WELCOME50
Mr.Singh ( North/South Rasoi ),"American, Snacks",39 MINS,₹500 FOR TWO,50% off | Use WELCOME50
Peppy Parathas & Rolls By Chai Point,"American, Snacks",39 MINS,₹500 FOR TWO,50% off | Use WELCOME50
UR Life Cafe,"American, Snacks",39 MINS,₹500 FOR TWO,50% off | Use WELCOME50
Tom and Nori,"American, Snacks",39 MINS,₹500 FOR TWO,50% off | Use WELCOME50
Agra Sweets Namkeen & Chat Bhandar,"American, Snacks",39 MINS,₹500 FOR TWO,50% off | Use WELCOME50
SHAKE STUDIO,"American, Snacks",39 MINS,₹500 FOR TWO,50% off | Use WELCOME50
Curry Leaf,"American, Snacks",39 MINS,₹500 FOR TWO,50% off | Use WELCOME50
Anand Sweets & Savouries,"American, Snacks",39 MINS,₹500 FOR TWO,50% off | Use WELCOME50
Biryaniwalla,"American, Snacks",39 MINS,₹500 FOR TWO,50% off | Use WELCOME50
Kumbakonam degree coffee,"American, Snacks",39 MINS,₹500 FOR TWO,50% off | Use WELCOME50
Vegicious - DIY,"Indian, Snacks, Salads",28 MINS,₹250 FOR TWO,50% off | Use WELCOME50
ARABIAN SHAWARMA HUB,"Indian, Snacks, Salads",28 MINS,₹250 FOR TWO,50% off | Use WELCOME50
Iceberg Organic Icecreams By EatFit,"Indian, Snacks, Salads",28 MINS,₹250 FOR TWO,50% off | Use WELCOME50
Balaji Mahesh Mithai Bhandar,"Indian, Snacks, Salads",28 MINS,₹250 FOR TWO,50% off | Use WELCOME50
Noodles Avenue,"Indian, Snacks, Salads",28 MINS,₹250 FOR TWO,50% off | Use WELCOME50
Fruit Lust,"Indian, Snacks, Salads",28 MINS,₹250 FOR TWO,50% off | Use WELCOME50
The Clay pot,"Indian, Snacks, Salads",28 MINS,₹250 FOR TWO,50% off | Use WELCOME50
Amora Tapas,"Indian, Snacks, Salads",28 MINS,₹250 FOR TWO,50% off | Use WELCOME50
Cloud O China,"Indian, Snacks, Salads",28 MINS,₹250 FOR TWO,50% off | Use WELCOME50
Mumbaichee Chaat Street,"Indian, Snacks, Salads",28 MINS,₹250 FOR TWO,50% off | Use WELCOME50
Magic Pancakes,"Indian, Snacks, Salads",28 MINS,₹250 FOR TWO,50% off | Use WELCOME50
Sonu De SNACKS,"Indian, Snacks, Salads",28 MINS,₹250 FOR TWO,50% off | Use WELCOME50
BHAI KI CHAI,"Indian, Snacks, Salads",28 MINS,₹250 FOR TWO,50% off | Use WELCOME50
Ye Lo Chai,"Indian, Snacks, Salads",28 MINS,₹250 FOR TWO,50% off | Use WELCOME50
THE KULFI & FALOODA PROJECT,"Indian, Snacks, Salads",28 MINS,₹250 FOR TWO,50% off | Use WELCOME50
Healthy and tasty kitchen,"Indian, Snacks, Salads",28 MINS,₹250 FOR TWO,50% off | Use WELCOME50
Healthy and tasty kitchen,"Indian, Snacks",37 MINS,₹300 FOR TWO,50% off | Use WELCOME50
Chinese Hub,"Indian, Snacks",37 MINS,₹300 FOR TWO,50% off | Use WELCOME50
Flying Beans Cafe,"Indian, Snacks",37 MINS,₹300 FOR TWO,50% off | Use WELCOME50
DESI ROLLS,"Indian, Snacks",37 MINS,₹300 FOR TWO,50% off | Use WELCOME50
Oriental Kitchen by 10D Express,"Indian, Snacks",37 MINS,₹300 FOR TWO,50% off | Use WELCOME50
Punjabi Paratha castle,"Indian, Snacks",37 MINS,₹300 FOR TWO,50% off | Use WELCOME50
GOPIZZA,"Indian, Snacks",37 MINS,₹300 FOR TWO,50% off | Use WELCOME50
Dadu's - D'Creme,"Indian, Snacks",37 MINS,₹300 FOR TWO,50% off | Use WELCOME50
Tenner Cafe by 10DOWNING Street,"Indian, Snacks",37 MINS,₹300 FOR TWO,50% off | Use WELCOME50
Avakai Bowl,"Indian, Snacks",37 MINS,₹300 FOR TWO,50% off | Use WELCOME50
ONESTA PIZZA HUT,"Indian, Snacks",37 MINS,₹300 FOR TWO,50% off | Use WELCOME50
DRINK YOUR VITAMINS,"Indian, Snacks",37 MINS,₹300 FOR TWO,50% off | Use WELCOME50
Ahobilam Foods - Millet Cave,"Indian, Snacks",37 MINS,₹300 FOR TWO,50% off | Use WELCOME50
AM PM Store,"Indian, Snacks",37 MINS,₹300 FOR TWO,50% off | Use WELCOME50
City Lights Biryani,"Indian, Snacks",37 MINS,₹300 FOR TWO,50% off | Use WELCOME50
Venkys Xprs,"Indian, Snacks",37 MINS,₹300 FOR TWO,50% off | Use WELCOME50
RUCHIS FOOD COURT,Chinese,47 MINS,₹400 FOR TWO,50% off | Use WELCOME50
Veerji de PUNJABI PARATHE,Chinese,47 MINS,₹400 FOR TWO,50% off | Use WELCOME50
Tummy Treat,Chinese,47 MINS,₹400 FOR TWO,50% off | Use WELCOME50
Charminar Biryani Co.,Chinese,47 MINS,₹400 FOR TWO,50% off | Use WELCOME50
Dibbarotti,Chinese,47 MINS,₹400 FOR TWO,50% off | Use WELCOME50
The Garden cafe,Chinese,47 MINS,₹400 FOR TWO,50% off | Use WELCOME50
Quaint Kitchens Gachibowli,Chinese,47 MINS,₹400 FOR TWO,50% off | Use WELCOME50
Village,Chinese,47 MINS,₹400 FOR TWO,50% off | Use WELCOME50
Tea Time,Chinese,47 MINS,₹400 FOR TWO,50% off | Use WELCOME50
Barfi Delite,Chinese,47 MINS,₹400 FOR TWO,50% off | Use WELCOME50
KHAANSAAB EXPRESS,Chinese,47 MINS,₹400 FOR TWO,50% off | Use WELCOME50
Calistha - A Dainty Bistro,Chinese,47 MINS,₹400 FOR TWO,50% off | Use WELCOME50
SuRaSu,Chinese,47 MINS,₹400 FOR TWO,50% off | Use WELCOME50
Cafe Melange,Chinese,47 MINS,₹400 FOR TWO,50% off | Use WELCOME50
Mon ame patisserie,Chinese,47 MINS,₹400 FOR TWO,50% off | Use WELCOME50
Le Macaron by Harley's,Chinese,47 MINS,₹400 FOR TWO,50% off | Use WELCOME50
Absolute Froot,Beverages,45 MINS,₹150 FOR TWO,50% off | Use WELCOME50
Momo Guy,Beverages,45 MINS,₹150 FOR TWO,50% off | Use WELCOME50
Millets Made Tasty,Beverages,45 MINS,₹150 FOR TWO,50% off | Use WELCOME50
Nice Tiffins Meals Snacks At Fec,Beverages,45 MINS,₹150 FOR TWO,50% off | Use WELCOME50
Seedha Saada Samosa,Beverages,45 MINS,₹150 FOR TWO,50% off | Use WELCOME50
Sanskari Paratha,Beverages,45 MINS,₹150 FOR TWO,50% off | Use WELCOME50
Mini kitchen,Beverages,45 MINS,₹150 FOR TWO,50% off | Use WELCOME50
PUNJAB NATIONAL HOTEL,Beverages,45 MINS,₹150 FOR TWO,50% off | Use WELCOME50
Roti Curry & Co,Beverages,45 MINS,₹150 FOR TWO,50% off | Use WELCOME50
Juice 'o' juice,Beverages,45 MINS,₹150 FOR TWO,50% off | Use WELCOME50
Delights by INOX,Beverages,45 MINS,₹150 FOR TWO,50% off | Use WELCOME50
Angrezee Tadka,Beverages,45 MINS,₹150 FOR TWO,50% off | Use WELCOME50
THE BURGER COMPANY,Beverages,45 MINS,₹150 FOR TWO,50% off | Use WELCOME50
The True Italian pizza,Beverages,45 MINS,₹150 FOR TWO,50% off | Use WELCOME50
Top Bakery,Beverages,45 MINS,₹150 FOR TWO,50% off | Use WELCOME50
Chai Thadi,Beverages,45 MINS,₹150 FOR TWO,50% off | Use WELCOME50
THE BURGER COMPANY,"Snacks, Chinese, Indian",37 MINS,₹200 FOR TWO,50% off | Use WELCOME50
The True Italian pizza,"Snacks, Chinese, Indian",37 MINS,₹200 FOR TWO,50% off | Use WELCOME50
Top Bakery,"Snacks, Chinese, Indian",37 MINS,₹200 FOR TWO,50% off | Use WELCOME50
Chai Thadi,"Snacks, Chinese, Indian",37 MINS,₹200 FOR TWO,50% off | Use WELCOME50
SRI BALAJI TIFFINS ,"Snacks, Chinese, Indian",37 MINS,₹200 FOR TWO,50% off | Use WELCOME50
Papaji's Kitchen,"Snacks, Chinese, Indian",37 MINS,₹200 FOR TWO,50% off | Use WELCOME50
OVENSTORY PIZZA BOY,"Snacks, Chinese, Indian",37 MINS,₹200 FOR TWO,50% off | Use WELCOME50
Pawfea,"Snacks, Chinese, Indian",37 MINS,₹200 FOR TWO,50% off | Use WELCOME50
Pizza Kitchen,"Snacks, Chinese, Indian",37 MINS,₹200 FOR TWO,50% off | Use WELCOME50
Just Curry,"Snacks, Chinese, Indian",37 MINS,₹200 FOR TWO,50% off | Use WELCOME50
Kolkata Club,"Snacks, Chinese, Indian",37 MINS,₹200 FOR TWO,50% off | Use WELCOME50
Pepper Flake,"Snacks, Chinese, Indian",37 MINS,₹200 FOR TWO,50% off | Use WELCOME50
Space Brunch And Bar,"Snacks, Chinese, Indian",37 MINS,₹200 FOR TWO,50% off | Use WELCOME50
Rayudu juice shop,"Snacks, Chinese, Indian",37 MINS,₹200 FOR TWO,50% off | Use WELCOME50
NELLORE VARI VINDHU BOJANAM,"Snacks, Chinese, Indian",37 MINS,₹200 FOR TWO,50% off | Use WELCOME50
Hussain's Mandi House,"Snacks, Chinese, Indian",37 MINS,₹200 FOR TWO,50% off | Use WELCOME50
Agra mithai vatika,"Sweets, South Indian, Chaat, Beverages",36 MINS,₹150 FOR TWO,50% off | Use WELCOME50
Badri's food court,"Sweets, South Indian, Chaat, Beverages",36 MINS,₹150 FOR TWO,50% off | Use WELCOME50
Rice++,"Sweets, South Indian, Chaat, Beverages",36 MINS,₹150 FOR TWO,50% off | Use WELCOME50
Bangaram tiffin center,"Sweets, South Indian, Chaat, Beverages",36 MINS,₹150 FOR TWO,50% off | Use WELCOME50
Steel Cafe by Kunal Gir,"Sweets, South Indian, Chaat, Beverages",36 MINS,₹150 FOR TWO,50% off | Use WELCOME50
Monginis Cake Shop,"Sweets, South Indian, Chaat, Beverages",36 MINS,₹150 FOR TWO,50% off | Use WELCOME50
Revel Ice creams,"Sweets, South Indian, Chaat, Beverages",36 MINS,₹150 FOR TWO,50% off | Use WELCOME50
SUBHAPRADHA TIFFINS,"Sweets, South Indian, Chaat, Beverages",36 MINS,₹150 FOR TWO,50% off | Use WELCOME50
Aroma's Kitchen,"Sweets, South Indian, Chaat, Beverages",36 MINS,₹150 FOR TWO,50% off | Use WELCOME50
Friend Shawarma Corner,"Sweets, South Indian, Chaat, Beverages",36 MINS,₹150 FOR TWO,50% off | Use WELCOME50
Express Shawarma,"Sweets, South Indian, Chaat, Beverages",36 MINS,₹150 FOR TWO,50% off | Use WELCOME50
Vrk Food Chain,"Sweets, South Indian, Chaat, Beverages",36 MINS,₹150 FOR TWO,50% off | Use WELCOME50
Mana Dosa,"Sweets, South Indian, Chaat, Beverages",36 MINS,₹150 FOR TWO,50% off | Use WELCOME50
Just Rice,"Sweets, South Indian, Chaat, Beverages",36 MINS,₹150 FOR TWO,50% off | Use WELCOME50
Millets & Bowls	,"Sweets, South Indian, Chaat, Beverages",36 MINS,₹150 FOR TWO,50% off | Use WELCOME50
Wraps and Wiches,"Sweets, South Indian, Chaat, Beverages",36 MINS,₹150 FOR TWO,50% off | Use WELCOME50
Wraps and Wiches,Beverages,42 MINS,₹150 FOR TWO,50% off | Use WELCOME50
Istanbul pizza den,Beverages,42 MINS,₹150 FOR TWO,50% off | Use WELCOME50
Pulav Raja	,Beverages,42 MINS,₹150 FOR TWO,50% off | Use WELCOME50
Pizza Master,Beverages,42 MINS,₹150 FOR TWO,50% off | Use WELCOME50
The Ketchup Hall,Beverages,42 MINS,₹150 FOR TWO,50% off | Use WELCOME50
Suris tea and coffee,Beverages,42 MINS,₹150 FOR TWO,50% off | Use WELCOME50
True Bite,Beverages,42 MINS,₹150 FOR TWO,50% off | Use WELCOME50
Famous Dhaba,Beverages,42 MINS,₹150 FOR TWO,50% off | Use WELCOME50
Al-Saudi Shawarma & Ice Cream	,Beverages,42 MINS,₹150 FOR TWO,50% off | Use WELCOME50
MR. SHAWARMA,Beverages,42 MINS,₹150 FOR TWO,50% off | Use WELCOME50
Nuage Popcorn,Beverages,42 MINS,₹150 FOR TWO,50% off | Use WELCOME50
The Fish Byte,Beverages,42 MINS,₹150 FOR TWO,50% off | Use WELCOME50
Harley's Exotic Coffee,Beverages,42 MINS,₹150 FOR TWO,50% off | Use WELCOME50
Parathe Sulthanat,Beverages,42 MINS,₹150 FOR TWO,50% off | Use WELCOME50
Cakes By Ofen,Beverages,42 MINS,₹150 FOR TWO,50% off | Use WELCOME50
Harika's Kitchen,Beverages,42 MINS,₹150 FOR TWO,50% off | Use WELCOME50
Chic N Cone,Fast Food,47 MINS,₹350 FOR TWO,50% off | Use WELCOME50
House of pops,Fast Food,47 MINS,₹350 FOR TWO,50% off | Use WELCOME50
Dhaba Chef,Fast Food,47 MINS,₹350 FOR TWO,50% off | Use WELCOME50
SHIRDI SAI TIFFINS - RAYALASEEMA SPECIALS,Fast Food,47 MINS,₹350 FOR TWO,50% off | Use WELCOME50
Khichdi Central,Fast Food,47 MINS,₹350 FOR TWO,50% off | Use WELCOME50
KADAK CHAI,Fast Food,47 MINS,₹350 FOR TWO,50% off | Use WELCOME50
Lucky Tea,Fast Food,47 MINS,₹350 FOR TWO,50% off | Use WELCOME50
Trailing Ivy Cafe,Fast Food,47 MINS,₹350 FOR TWO,50% off | Use WELCOME50
The House Of Combos,Fast Food,47 MINS,₹350 FOR TWO,50% off | Use WELCOME50
The Bowl House,Fast Food,47 MINS,₹350 FOR TWO,50% off | Use WELCOME50
Star Pooja Restaurant,Fast Food,47 MINS,₹350 FOR TWO,50% off | Use WELCOME50
Shri Ruchi Snacks Corner,Fast Food,47 MINS,₹350 FOR TWO,50% off | Use WELCOME50
Kurries,Fast Food,47 MINS,₹350 FOR TWO,50% off | Use WELCOME50
Maharaja Thali,Fast Food,47 MINS,₹350 FOR TWO,50% off | Use WELCOME50
Vaisra'S Kitchen,Fast Food,47 MINS,₹350 FOR TWO,50% off | Use WELCOME50
Krunchos,Fast Food,47 MINS,₹350 FOR TWO,50% off | Use WELCOME50
Ministry Of Shakes,"Salads, Beverages",42 MINS,₹400 FOR TWO,50% off | Use WELCOME50
CAFE AMLIN,"Salads, Beverages",42 MINS,₹400 FOR TWO,50% off | Use WELCOME50
Puliyogare Palace,"Salads, Beverages",42 MINS,₹400 FOR TWO,50% off | Use WELCOME50
MULTI CHEF'S RESTAURANT,"Salads, Beverages",42 MINS,₹400 FOR TWO,50% off | Use WELCOME50
AM PM TIFFEN CENTRE,"Salads, Beverages",42 MINS,₹400 FOR TWO,50% off | Use WELCOME50
Snakie Bites,"Salads, Beverages",42 MINS,₹400 FOR TWO,50% off | Use WELCOME50
Roti Aur Boti Xpress,"Salads, Beverages",42 MINS,₹400 FOR TWO,50% off | Use WELCOME50
Bhukha Sher,"Salads, Beverages",42 MINS,₹400 FOR TWO,50% off | Use WELCOME50
BON APPETIT CAFE,"Salads, Beverages",42 MINS,₹400 FOR TWO,50% off | Use WELCOME50
SANDYS SANDWICH N MORE,"Salads, Beverages",42 MINS,₹400 FOR TWO,50% off | Use WELCOME50
Eat And Walk,"Salads, Beverages",42 MINS,₹400 FOR TWO,50% off | Use WELCOME50
Hocco Eatery,"Salads, Beverages",42 MINS,₹400 FOR TWO,50% off | Use WELCOME50
Sri broholic kitchens,"Salads, Beverages",42 MINS,₹400 FOR TWO,50% off | Use WELCOME50
Bakery Paradise,"Salads, Beverages",42 MINS,₹400 FOR TWO,50% off | Use WELCOME50
Santoss Pro Dhaba,"Salads, Beverages",42 MINS,₹400 FOR TWO,50% off | Use WELCOME50
Red Noodles,"Salads, Beverages",42 MINS,₹400 FOR TWO,50% off | Use WELCOME50
SHAHI BIRYANIS & PULAOS,Indian,45 MINS,₹200 FOR TWO,50% off | Use WELCOME50
Hum Tum Masala Delight,Indian,45 MINS,₹200 FOR TWO,50% off | Use WELCOME50
Shri Ruchi Snacks Corner,Indian,45 MINS,₹200 FOR TWO,50% off | Use WELCOME50
Oh! Punjab,Indian,45 MINS,₹200 FOR TWO,50% off | Use WELCOME50
The Gravity Lounge,Indian,45 MINS,₹200 FOR TWO,50% off | Use WELCOME50
Mythree Tiffins,Indian,45 MINS,₹200 FOR TWO,50% off | Use WELCOME50
KHAANSAAB EXPRESS,Indian,45 MINS,₹200 FOR TWO,50% off | Use WELCOME50
EK PYALI CHAI,Indian,45 MINS,₹200 FOR TWO,50% off | Use WELCOME50
Wow Indian Fast Food,Indian,45 MINS,₹200 FOR TWO,50% off | Use WELCOME50
SPICY BIRYANI,Indian,45 MINS,₹200 FOR TWO,50% off | Use WELCOME50
Sizzling Joe,Indian,45 MINS,₹200 FOR TWO,50% off | Use WELCOME50
Sri Madhurams,Indian,45 MINS,₹200 FOR TWO,50% off | Use WELCOME50
Om SaiRam Hospitality Services,Indian,45 MINS,₹200 FOR TWO,50% off | Use WELCOME50
The Juice Company,Indian,45 MINS,₹200 FOR TWO,50% off | Use WELCOME50
Absolute Froot,Indian,45 MINS,₹200 FOR TWO,50% off | Use WELCOME50
Masti Ccafe Bar,Indian,45 MINS,₹200 FOR TWO,50% off | Use WELCOME50
PIZZA CORNER,"Pizzas, Fast Food",47 MINS,₹300 FOR TWO,50% off | Use WELCOME50
HUNGRY BURGER,"Pizzas, Fast Food",47 MINS,₹300 FOR TWO,50% off | Use WELCOME50
CHAITRA FOODS,"Pizzas, Fast Food",47 MINS,₹300 FOR TWO,50% off | Use WELCOME50
Frio Thickshake,"Pizzas, Fast Food",47 MINS,₹300 FOR TWO,50% off | Use WELCOME50
Giggle Water,"Pizzas, Fast Food",47 MINS,₹300 FOR TWO,50% off | Use WELCOME50
PIZZA CRAFT,"Pizzas, Fast Food",47 MINS,₹300 FOR TWO,50% off | Use WELCOME50
Box365 - Desi Meals,"Pizzas, Fast Food",47 MINS,₹300 FOR TWO,50% off | Use WELCOME50
The Tim Cafe,"Pizzas, Fast Food",47 MINS,₹300 FOR TWO,50% off | Use WELCOME50
Gazab - Shawarma & Wraps,"Pizzas, Fast Food",47 MINS,₹300 FOR TWO,50% off | Use WELCOME50
Sai Dhamam Pure Veg,"Pizzas, Fast Food",47 MINS,₹300 FOR TWO,50% off | Use WELCOME50
Wow Indian Fast Food,"Pizzas, Fast Food",47 MINS,₹300 FOR TWO,50% off | Use WELCOME50
Le - Kaffeine & More,"Pizzas, Fast Food",47 MINS,₹300 FOR TWO,50% off | Use WELCOME50
Chef's Kitchen,"Pizzas, Fast Food",47 MINS,₹300 FOR TWO,50% off | Use WELCOME50
Zorro - Milkshakes and Thickshakes,"Pizzas, Fast Food",47 MINS,₹300 FOR TWO,50% off | Use WELCOME50
Biryani Dynasty,"Pizzas, Fast Food",47 MINS,₹300 FOR TWO,50% off | Use WELCOME50
Fish N Feast,"Pizzas, Fast Food",47 MINS,₹300 FOR TWO,50% off | Use WELCOME50
Al Hejaz Shawarma,"Biryani, Chinese",39 MINS,₹200 FOR TWO,50% off | Use WELCOME50
A.N Yadav Pan Stores,"Biryani, Chinese",39 MINS,₹200 FOR TWO,50% off | Use WELCOME50
Sizzling Joe,"Biryani, Chinese",39 MINS,₹200 FOR TWO,50% off | Use WELCOME50
THE HIDE AWAY CAFE,"Biryani, Chinese",39 MINS,₹200 FOR TWO,50% off | Use WELCOME50
Natural Shakes,"Biryani, Chinese",39 MINS,₹200 FOR TWO,50% off | Use WELCOME50
Bakers Villa,"Biryani, Chinese",39 MINS,₹200 FOR TWO,50% off | Use WELCOME50
Way To Kitchen,"Biryani, Chinese",39 MINS,₹200 FOR TWO,50% off | Use WELCOME50
Bake Barn Shakes And Cakes,"Biryani, Chinese",39 MINS,₹200 FOR TWO,50% off | Use WELCOME50
Pehle Aap,"Biryani, Chinese",39 MINS,₹200 FOR TWO,50% off | Use WELCOME50
The Juice Company,"Biryani, Chinese",39 MINS,₹200 FOR TWO,50% off | Use WELCOME50
PIZZA HUT BOY,"Biryani, Chinese",39 MINS,₹200 FOR TWO,50% off | Use WELCOME50
Sandwich Villa,"Biryani, Chinese",39 MINS,₹200 FOR TWO,50% off | Use WELCOME50
Kumar Tiffins,"Biryani, Chinese",39 MINS,₹200 FOR TWO,50% off | Use WELCOME50
WAFFLE POPSY,"Biryani, Chinese",39 MINS,₹200 FOR TWO,50% off | Use WELCOME50
Tasty Touch Restaurant,"Biryani, Chinese",39 MINS,₹200 FOR TWO,50% off | Use WELCOME50
Pizza 555,"Biryani, Chinese",39 MINS,₹200 FOR TWO,50% off | Use WELCOME50
DESI ROLLS,Arabian,47 MINS,₹200 FOR TWO,50% off | Use WELCOME50
Cake Boss,Arabian,47 MINS,₹200 FOR TWO,50% off | Use WELCOME50
De thick shakes,Arabian,47 MINS,₹200 FOR TWO,50% off | Use WELCOME50
A'la Liberty,Arabian,47 MINS,₹200 FOR TWO,50% off | Use WELCOME50
Om Sri Sai Fast Food Centre,Arabian,47 MINS,₹200 FOR TWO,50% off | Use WELCOME50
Pizza Kitchen,Arabian,47 MINS,₹200 FOR TWO,50% off | Use WELCOME50
Surprise India - Online Cake Delivery,Arabian,47 MINS,₹200 FOR TWO,50% off | Use WELCOME50
Fullfills,Arabian,47 MINS,₹200 FOR TWO,50% off | Use WELCOME50
Baker's Cafe,Arabian,47 MINS,₹200 FOR TWO,50% off | Use WELCOME50
Wanderlust Bakes,Arabian,47 MINS,₹200 FOR TWO,50% off | Use WELCOME50
Tasty Momos,Arabian,47 MINS,₹200 FOR TWO,50% off | Use WELCOME50
Gabru Di Chaap,Arabian,47 MINS,₹200 FOR TWO,50% off | Use WELCOME50
Mr.Singh ( North/South Rasoi ),Arabian,47 MINS,₹200 FOR TWO,50% off | Use WELCOME50
MULTI CHEF'S RESTAURANT,Arabian,47 MINS,₹200 FOR TWO,50% off | Use WELCOME50
Puliyogare Palace,Arabian,47 MINS,₹200 FOR TWO,50% off | Use WELCOME50
Rambharose - Bhattad Ki Idli,Arabian,47 MINS,₹200 FOR TWO,50% off | Use WELCOME50
Pizza Spot,"Pizzas, Pastas, Desserts",48 MINS,₹400 FOR TWO,20% off on all orders
SHAWARMA HOSTE,"Pizzas, Pastas, Desserts",48 MINS,₹400 FOR TWO,20% off on all orders
Chinese Express Wok,"Pizzas, Pastas, Desserts",48 MINS,₹400 FOR TWO,20% off on all orders
Oye Chhotu,"Pizzas, Pastas, Desserts",48 MINS,₹400 FOR TWO,20% off on all orders
Pind Kaneda,"Pizzas, Pastas, Desserts",48 MINS,₹400 FOR TWO,20% off on all orders
Chinese Corner,"Pizzas, Pastas, Desserts",48 MINS,₹400 FOR TWO,20% off on all orders
BREWS & BLENDS CAFE,"Pizzas, Pastas, Desserts",48 MINS,₹400 FOR TWO,20% off on all orders
Chopper's Stop,"Pizzas, Pastas, Desserts",48 MINS,₹400 FOR TWO,20% off on all orders
PARATHA DURBAR,"Pizzas, Pastas, Desserts",48 MINS,₹400 FOR TWO,20% off on all orders
RS Bowl Kitchen,"Pizzas, Pastas, Desserts",48 MINS,₹400 FOR TWO,20% off on all orders
Fat Chinese Chef,"Pizzas, Pastas, Desserts",48 MINS,₹400 FOR TWO,20% off on all orders
Rozi Roti,"Pizzas, Pastas, Desserts",48 MINS,₹400 FOR TWO,20% off on all orders
RAJA BHOJ & CO.,"Pizzas, Pastas, Desserts",48 MINS,₹400 FOR TWO,20% off on all orders
Excellent Dumpling House,"Pizzas, Pastas, Desserts",48 MINS,₹400 FOR TWO,20% off on all orders
Tandoori Lights,"Pizzas, Pastas, Desserts",48 MINS,₹400 FOR TWO,20% off on all orders
Desi wok,"Pizzas, Pastas, Desserts",48 MINS,₹400 FOR TWO,20% off on all orders
Excellent Dumpling House,"Chinese, Snacks",42 MINS,₹300 FOR TWO,50% off | Use WELCOME50
Tandoori Lights,"Chinese, Snacks",42 MINS,₹300 FOR TWO,50% off | Use WELCOME50
Desi wok,"Chinese, Snacks",42 MINS,₹300 FOR TWO,50% off | Use WELCOME50
Wallonia Waffle Co.,"Chinese, Snacks",42 MINS,₹300 FOR TWO,50% off | Use WELCOME50
Tandoor moghul,"Chinese, Snacks",42 MINS,₹300 FOR TWO,50% off | Use WELCOME50
Dana Paani,"Chinese, Snacks",42 MINS,₹300 FOR TWO,50% off | Use WELCOME50
Shanghai Chillie's,"Chinese, Snacks",42 MINS,₹300 FOR TWO,50% off | Use WELCOME50
The Liege Waffles,"Chinese, Snacks",42 MINS,₹300 FOR TWO,50% off | Use WELCOME50
Vaango,"Chinese, Snacks",42 MINS,₹300 FOR TWO,50% off | Use WELCOME50
Parathe Balle Balle,"Chinese, Snacks",42 MINS,₹300 FOR TWO,50% off | Use WELCOME50
Masti Ccafe Bar,"Chinese, Snacks",42 MINS,₹300 FOR TWO,50% off | Use WELCOME50
Aaha Food Village,"Chinese, Snacks",42 MINS,₹300 FOR TWO,50% off | Use WELCOME50
Laale Di Chaap,"Chinese, Snacks",42 MINS,₹300 FOR TWO,50% off | Use WELCOME50
DELHI CACIES,"Chinese, Snacks",42 MINS,₹300 FOR TWO,50% off | Use WELCOME50
Let's Wok,"Chinese, Snacks",42 MINS,₹300 FOR TWO,50% off | Use WELCOME50
GOSSIP COFFEE SHACK,"Chinese, Snacks",42 MINS,₹300 FOR TWO,50% off | Use WELCOME50
GOSSIP COFFEE SHACK,"Bakery, Fast Food",45 MINS,₹366 FOR TWO,50% off | Use WELCOME50
coco's - shakes&cakes,"Bakery, Fast Food",45 MINS,₹366 FOR TWO,50% off | Use WELCOME50
Pizza Hotel,"Bakery, Fast Food",45 MINS,₹366 FOR TWO,50% off | Use WELCOME50
San and Sally,"Bakery, Fast Food",45 MINS,₹366 FOR TWO,50% off | Use WELCOME50
New Pizza,"Bakery, Fast Food",45 MINS,₹366 FOR TWO,50% off | Use WELCOME50
Aromas@11six,"Bakery, Fast Food",45 MINS,₹366 FOR TWO,50% off | Use WELCOME50
Paapi Peth,"Bakery, Fast Food",45 MINS,₹366 FOR TWO,50% off | Use WELCOME50
Amma Vantalu,"Bakery, Fast Food",45 MINS,₹366 FOR TWO,50% off | Use WELCOME50
PIZZA CHEESE AND MORE,"Bakery, Fast Food",45 MINS,₹366 FOR TWO,50% off | Use WELCOME50
PIZZA MANIA,"Bakery, Fast Food",45 MINS,₹366 FOR TWO,50% off | Use WELCOME50
Charcoal Gril,"Bakery, Fast Food",45 MINS,₹366 FOR TWO,50% off | Use WELCOME50
Grillz Korner,"Bakery, Fast Food",45 MINS,₹366 FOR TWO,50% off | Use WELCOME50
Southern Corner,"Bakery, Fast Food",45 MINS,₹366 FOR TWO,50% off | Use WELCOME50
Chai Kaburlu,"Bakery, Fast Food",45 MINS,₹366 FOR TWO,50% off | Use WELCOME50
Rangla Punjab,"Bakery, Fast Food",45 MINS,₹366 FOR TWO,50% off | Use WELCOME50
Peppertea Cafe,"Bakery, Fast Food",45 MINS,₹366 FOR TWO,50% off | Use WELCOME50
Juice N Bite,Beverages,44 MINS,₹150 FOR TWO,50% off | Use WELCOME50
Royal Hot & Cold Cafe Fresh & Pure,Beverages,44 MINS,₹150 FOR TWO,50% off | Use WELCOME50
Taste Rockers,Beverages,44 MINS,₹150 FOR TWO,50% off | Use WELCOME50
Milkshake Panda,Beverages,44 MINS,₹150 FOR TWO,50% off | Use WELCOME50
Lassi klub,Beverages,44 MINS,₹150 FOR TWO,50% off | Use WELCOME50
Chinesecape,Beverages,44 MINS,₹150 FOR TWO,50% off | Use WELCOME50
My Sugarcane,Beverages,44 MINS,₹150 FOR TWO,50% off | Use WELCOME50
AB Kitchen,Beverages,44 MINS,₹150 FOR TWO,50% off | Use WELCOME50
Ching Chinese Restaurant,Beverages,44 MINS,₹150 FOR TWO,50% off | Use WELCOME50
Mama Momos Adda,Beverages,44 MINS,₹150 FOR TWO,50% off | Use WELCOME50
Feast Xpress,Beverages,44 MINS,₹150 FOR TWO,50% off | Use WELCOME50
Pizza Bar,Beverages,44 MINS,₹150 FOR TWO,50% off | Use WELCOME50
Dr Cafe Coffee And Snacks	,Beverages,44 MINS,₹150 FOR TWO,50% off | Use WELCOME50
Only Biryanis,Beverages,44 MINS,₹150 FOR TWO,50% off | Use WELCOME50
MR.Pulihora,Beverages,44 MINS,₹150 FOR TWO,50% off | Use WELCOME50
Cheesecakery,Beverages,44 MINS,₹150 FOR TWO,50% off | Use WELCOME50
Cheesecakery,Bakery,45 MINS,₹500 FOR TWO,50% off | Use WELCOME50
kitchen at 10,Bakery,45 MINS,₹500 FOR TWO,50% off | Use WELCOME50
Sandwichoz,Bakery,45 MINS,₹500 FOR TWO,50% off | Use WELCOME50
Happi Chai & Juice Center,Bakery,45 MINS,₹500 FOR TWO,50% off | Use WELCOME50
Veggie Delight,Bakery,45 MINS,₹500 FOR TWO,50% off | Use WELCOME50
Dou Chi,Bakery,45 MINS,₹500 FOR TWO,50% off | Use WELCOME50
KAHI SE BHI,Bakery,45 MINS,₹500 FOR TWO,50% off | Use WELCOME50
Date With Sugar,Bakery,45 MINS,₹500 FOR TWO,50% off | Use WELCOME50
HYDERABADI CHAI ADDA CAFE LOUNGE  GRILL,Bakery,45 MINS,₹500 FOR TWO,50% off | Use WELCOME50
Chai Bar,Bakery,45 MINS,₹500 FOR TWO,50% off | Use WELCOME50
House of Candy,Bakery,45 MINS,₹500 FOR TWO,50% off | Use WELCOME50
Dilli Meri Jaan,Bakery,45 MINS,₹500 FOR TWO,50% off | Use WELCOME50
CURRY SPOON,Bakery,45 MINS,₹500 FOR TWO,50% off | Use WELCOME50
Begum's Biryani,Bakery,45 MINS,₹500 FOR TWO,50% off | Use WELCOME50
Brown Bear Bakers Manikonda,Bakery,45 MINS,₹500 FOR TWO,50% off | Use WELCOME50
Mildland Bakery,Bakery,45 MINS,₹500 FOR TWO,50% off | Use WELCOME50
Combo Street,Combo,37 MINS,₹200 FOR TWO,50% off | Use WELCOME50
Pista Bakers,Combo,37 MINS,₹200 FOR TWO,50% off | Use WELCOME50
Cake And Bakes,Combo,37 MINS,₹200 FOR TWO,50% off | Use WELCOME50
Bullet Biryani,Combo,37 MINS,₹200 FOR TWO,50% off | Use WELCOME50
NK foods,Combo,37 MINS,₹200 FOR TWO,50% off | Use WELCOME50
Anitha's Kitchen,Combo,37 MINS,₹200 FOR TWO,50% off | Use WELCOME50
Interbell Cafe,Combo,37 MINS,₹200 FOR TWO,50% off | Use WELCOME50
BREAK A TAKE,Combo,37 MINS,₹200 FOR TWO,50% off | Use WELCOME50
Gazi Shawarma,Combo,37 MINS,₹200 FOR TWO,50% off | Use WELCOME50
Ertugrul Shawarma,Combo,37 MINS,₹200 FOR TWO,50% off | Use WELCOME50
Ankit Juice Point,Combo,37 MINS,₹200 FOR TWO,50% off | Use WELCOME50
De thick shakes,Combo,37 MINS,₹200 FOR TWO,50% off | Use WELCOME50
ChowrastaChai SR Nagar,Combo,37 MINS,₹200 FOR TWO,50% off | Use WELCOME50
Cake Delivery 24x7,Combo,37 MINS,₹200 FOR TWO,50% off | Use WELCOME50
Student Affairs,Combo,37 MINS,₹200 FOR TWO,50% off | Use WELCOME50
Star Cocina,Combo,37 MINS,₹200 FOR TWO,50% off | Use WELCOME50
De thick shakes,Beverages,47 MINS,₹200 FOR TWO,50% off | Use WELCOME50
ChowrastaChai SR Nagar,Beverages,47 MINS,₹200 FOR TWO,50% off | Use WELCOME50
Cake Delivery 24x7,Beverages,47 MINS,₹200 FOR TWO,50% off | Use WELCOME50
Student Affairs,Beverages,47 MINS,₹200 FOR TWO,50% off | Use WELCOME50
Star Cocina,Beverages,47 MINS,₹200 FOR TWO,50% off | Use WELCOME50
Jk Raj Juice Lassi Faluda $ Milkshake	,Beverages,47 MINS,₹200 FOR TWO,50% off | Use WELCOME50
Omleterian,Beverages,47 MINS,₹200 FOR TWO,50% off | Use WELCOME50
What A Wok,Beverages,47 MINS,₹200 FOR TWO,50% off | Use WELCOME50
Roll Em Up,Beverages,47 MINS,₹200 FOR TWO,50% off | Use WELCOME50
Dilli Kathi Roll,Beverages,47 MINS,₹200 FOR TWO,50% off | Use WELCOME50
Pop Pulao,Beverages,47 MINS,₹200 FOR TWO,50% off | Use WELCOME50
MKS Rolmoz,Beverages,47 MINS,₹200 FOR TWO,50% off | Use WELCOME50
Pizza Rite,Beverages,47 MINS,₹200 FOR TWO,50% off | Use WELCOME50
Waffle Studio,Beverages,47 MINS,₹200 FOR TWO,50% off | Use WELCOME50
Lakshmi Deluxe Mess,Beverages,47 MINS,₹200 FOR TWO,50% off | Use WELCOME50
Bar One Bar And Restaurant,Beverages,47 MINS,₹200 FOR TWO,50% off | Use WELCOME50
MISK BIRYANIS,"Biryani, Snacks, Indian, Desserts",50 MINS,₹300 FOR TWO,50% off | Use WELCOME50
Myfroyoland - Premium Frozen Yogurt,"Biryani, Snacks, Indian, Desserts",50 MINS,₹300 FOR TWO,50% off | Use WELCOME50
Krupa Mess And Tiffins,"Biryani, Snacks, Indian, Desserts",50 MINS,₹300 FOR TWO,50% off | Use WELCOME50
Biryani N Beyond,"Biryani, Snacks, Indian, Desserts",50 MINS,₹300 FOR TWO,50% off | Use WELCOME50
Daily Relish,"Biryani, Snacks, Indian, Desserts",50 MINS,₹300 FOR TWO,50% off | Use WELCOME50
Peshawar Juice n Ice cream,"Biryani, Snacks, Indian, Desserts",50 MINS,₹300 FOR TWO,50% off | Use WELCOME50
Fryeo,"Biryani, Snacks, Indian, Desserts",50 MINS,₹300 FOR TWO,50% off | Use WELCOME50
Breads and Sauces,"Biryani, Snacks, Indian, Desserts",50 MINS,₹300 FOR TWO,50% off | Use WELCOME50
Peppy Chicken,"Biryani, Snacks, Indian, Desserts",50 MINS,₹300 FOR TWO,50% off | Use WELCOME50
Gelatissimo,"Biryani, Snacks, Indian, Desserts",50 MINS,₹300 FOR TWO,50% off | Use WELCOME50
Chemistry With Chinestry,"Biryani, Snacks, Indian, Desserts",50 MINS,₹300 FOR TWO,50% off | Use WELCOME50
desi momo,"Biryani, Snacks, Indian, Desserts",50 MINS,₹300 FOR TWO,50% off | Use WELCOME50
